Student_ID,Study_Hours,Attendance,Previous_Year_CGPA,Social_Media_Usage,Courses_Registered,Marks
1,4.4,69.7,6.87,3.5,4,54.8
2,9.6,73.7,6.66,5.0,6,85.2
3,7.6,92.7,5.88,3.9,7,79.6
4,6.4,67.0,8.04,1.0,7,73.6
5,2.4,93.5,7.38,1.6,5,61.3
6,2.4,54.4,9.33,1.8,3,44.3
7,1.5,88.8,5.16,2.0,5,48.1
8,8.8,92.4,8.22,3.9,3,87.1
9,6.4,59.1,8.81,3.5,5,77.3
10,7.4,71.5,8.8,1.7,5,84.9
11,1.2,58.3,9.43,0.9,7,44.1
12,9.7,85.3,8.65,1.5,3,94.9
13,8.5,76.8,9.64,6.4,4,81.8
14,2.9,81.8,6.66,3.3,4,52.3
15,2.6,59.8,7.52,5.7,5,41.8
16,2.7,60.6,5.07,5.6,5,38.6
17,3.7,52.1,5.03,3.6,7,40.4
18,5.7,66.1,6.2,4.7,3,57.3
19,4.9,78.0,5.5,1.7,5,65.6
20,3.6,92.9,6.3,4.6,4,60.2
21,6.5,83.3,5.89,2.1,3,73.9
22,2.3,71.8,5.14,5.5,5,36.4
23,3.6,97.7,9.55,1.0,3,71.8
24,4.3,86.0,5.04,5.1,7,52.1
25,5.1,96.5,8.68,1.1,4,78.4
26,8.1,76.4,5.76,5.8,3,69.0
27,2.8,62.9,9.56,2.3,4,58.6
28,5.6,52.6,9.46,4.4,5,64.4
29,6.3,86.3,8.27,3.4,6,76.4
30,1.4,56.1,8.36,2.7,3,42.1
31,6.5,65.1,5.03,4.4,4,54.7
32,2.5,76.6,9.92,6.2,3,54.9
33,1.6,78.2,9.39,0.7,5,58.4
34,9.5,80.0,9.48,6.0,5,89.2
35,9.7,58.3,8.3,4.2,4,83.8
36,8.3,69.0,6.72,5.3,7,65.7
37,3.7,80.9,9.47,2.8,3,70.7
38,1.9,98.5,6.46,3.3,3,50.1
39,7.2,86.4,7.81,5.7,5,78.1
40,5.0,96.1,5.5,3.0,3,65.6
41,2.1,88.1,9.61,3.7,4,55.1
42,5.5,79.6,5.7,0.6,6,65.2
43,1.3,59.6,6.12,1.5,5,37.7
44,9.2,83.3,7.79,4.4,6,83.7
45,3.3,81.2,8.82,4.8,3,52.4
46,7.0,80.1,8.1,4.0,7,72.9
47,3.8,74.5,6.16,1.4,4,59.9
48,5.7,76.4,5.0,3.2,3,63.2
49,5.9,66.7,8.79,2.6,4,68.7
50,2.7,76.0,9.93,3.5,3,53.5
51,9.7,59.9,9.05,5.7,3,84.1
52,8.0,90.3,7.3,5.2,3,75.4
53,9.5,59.3,9.52,1.0,5,88.8
54,9.1,54.2,7.05,5.8,6,70.5
55,6.4,71.8,7.62,3.3,7,68.7
56,9.3,82.9,7.39,5.0,6,81.2
57,1.8,71.9,7.24,1.3,6,47.6
58,2.8,63.8,8.88,4.5,4,49.3
59,1.4,77.9,7.63,1.9,5,47.3
60,3.9,67.4,6.58,3.1,5,51.3
61,4.5,96.6,6.29,0.6,3,68.2
62,3.4,96.1,5.19,1.4,6,59.7
63,8.5,75.1,7.92,1.1,7,87.3
64,4.2,66.4,6.15,1.9,4,53.9
65,3.5,86.9,5.74,1.1,5,57.6
66,5.9,51.8,8.27,4.7,3,64.5
67,2.3,73.7,8.41,0.7,7,60.4
68,8.2,66.8,8.76,4.2,6,80.6
69,1.7,96.0,7.52,1.3,7,51.9
70,9.9,50.6,9.47,6.2,5,81.0
71,8.0,77.6,9.68,6.1,4,78.1
72,2.8,87.0,9.04,1.9,6,60.6
73,1.0,74.3,8.18,4.2,4,42.4
74,8.3,54.3,6.52,0.7,7,79.1
75,7.4,98.6,9.91,6.1,7,86.8
76,7.6,75.9,6.37,3.6,3,70.8
77,7.9,80.7,6.01,0.8,6,80.4
78,1.7,61.8,7.21,2.6,7,42.2
79,4.2,74.2,5.28,1.0,5,56.4
80,2.0,71.5,9.89,2.9,5,58.3
81,8.8,53.7,7.94,4.5,4,74.7
82,6.6,55.3,7.78,3.3,5,61.1
83,4.0,91.9,8.28,2.8,7,67.2
84,1.6,62.0,7.49,1.2,5,52.1
85,3.8,59.7,5.16,2.0,6,46.3
86,3.9,75.2,8.06,1.1,4,68.7
87,7.6,88.4,8.58,5.3,6,81.5
88,6.7,53.1,7.08,1.3,7,71.6
89,9.0,78.8,8.79,4.1,7,89.4
90,5.2,56.0,6.14,2.6,5,56.6
91,2.1,51.8,6.11,1.9,3,38.7
92,7.4,52.6,5.81,4.3,3,62.1
93,7.8,91.7,6.86,3.2,7,81.4
94,6.1,55.9,9.24,2.9,7,72.1
95,7.9,52.3,9.14,4.1,4,67.7
96,5.4,71.9,6.91,3.4,7,58.2
97,5.7,92.2,7.95,2.3,7,76.1
98,4.8,63.1,8.6,3.9,4,61.9
99,1.2,71.1,6.21,4.5,6,34.4
100,2.0,52.0,5.84,0.7,6,42.8
101,1.3,72.5,9.86,3.3,4,53.3
102,6.7,78.9,8.09,0.8,4,79.3
103,3.8,78.5,9.91,1.6,6,73.4
104,5.6,66.6,6.69,3.9,6,65.1
105,9.2,65.8,8.52,5.7,6,80.3
106,3.2,55.3,6.11,5.8,6,41.8
107,4.7,68.3,6.31,0.9,5,56.0
108,7.8,55.0,7.56,3.0,4,75.4
109,3.1,88.3,6.6,4.0,3,58.2
110,1.7,98.3,5.84,1.4,5,49.7
111,3.6,98.5,6.31,5.1,3,58.1
112,2.5,93.3,5.18,5.0,3,40.4
113,9.4,80.0,8.52,5.9,7,82.4
114,8.3,85.0,7.46,0.6,4,86.6
115,6.7,64.3,5.47,1.8,5,61.2
116,8.8,81.5,5.86,5.5,4,74.3
117,8.2,72.8,5.51,4.5,6,69.5
118,2.7,74.1,8.06,5.9,4,50.0
119,9.0,87.9,5.47,0.8,3,81.6
120,5.9,64.1,8.77,4.1,6,68.7
121,8.3,65.9,5.1,3.9,4,66.4
122,9.1,96.2,6.25,0.7,4,87.9
123,3.9,52.8,9.45,3.6,3,55.9
124,2.0,74.3,8.59,4.2,6,51.9
125,3.1,95.6,5.36,1.6,3,55.6
126,4.8,80.5,9.11,2.1,4,72.8
127,8.4,77.3,7.47,4.3,5,79.8
128,8.7,62.5,9.23,3.3,5,92.7
129,1.1,67.2,8.0,5.6,7,37.5
130,5.6,92.6,8.41,2.6,5,75.3
131,4.8,78.0,9.97,2.1,6,76.4
132,3.0,75.7,6.16,6.4,7,43.2
133,2.1,55.0,8.12,6.0,6,40.1
134,4.0,50.8,7.3,0.7,5,50.5
135,9.5,98.2,5.2,5.1,5,82.0
136,3.9,68.8,5.07,1.2,4,50.8
137,5.7,80.2,5.6,0.7,6,66.5
138,7.3,54.0,8.25,2.1,3,74.0
139,4.3,84.2,7.84,2.1,4,65.9
140,9.7,96.6,7.77,5.4,6,92.3
141,9.7,78.8,5.16,4.8,7,80.9
142,3.3,56.3,7.35,6.4,6,42.1
143,5.5,79.1,9.62,4.8,7,71.4
144,3.7,88.3,6.99,3.0,7,53.9
145,3.6,70.3,8.12,4.7,5,55.0
146,1.3,94.0,8.9,6.5,3,51.6
147,6.5,82.4,8.92,4.8,6,71.7
148,5.5,95.0,7.6,5.1,3,70.9
149,1.5,81.2,9.29,6.1,7,46.2
150,3.5,56.6,6.96,1.2,5,51.2
151,9.2,65.5,9.44,4.7,3,88.8
152,3.2,60.1,6.2,5.6,4,41.3
153,2.3,95.4,6.4,6.2,7,49.5
154,5.4,88.0,5.27,1.8,4,59.8
155,9.9,83.8,8.98,3.5,3,92.8
156,3.2,65.0,7.09,4.6,3,49.7
157,7.0,59.2,6.15,2.0,3,67.6
158,7.9,87.8,6.16,4.1,6,75.6
159,3.1,73.7,9.51,2.0,7,64.0
160,7.6,61.3,9.17,2.5,7,76.4
161,4.3,80.8,7.77,3.1,7,66.5
162,6.7,52.0,8.08,3.7,6,65.3
163,6.7,66.3,7.37,3.2,3,66.7
164,5.8,73.4,6.96,3.5,3,62.6
165,1.8,57.4,9.58,2.3,4,50.1
166,8.5,99.2,5.63,1.5,6,84.9
167,3.9,60.5,7.09,0.8,5,58.9
168,2.7,56.5,6.72,1.7,6,47.1
169,1.4,60.2,7.49,4.0,4,38.5
170,6.3,88.5,7.29,5.2,4,70.6
171,7.1,71.3,7.59,1.5,4,75.1
172,1.1,78.3,5.7,1.2,3,45.2
173,5.6,51.1,7.57,5.0,5,57.0
174,3.0,51.7,6.21,2.3,4,45.4
175,6.8,72.3,5.92,6.2,7,60.0
176,2.6,90.8,5.32,4.8,3,44.7
177,7.2,94.3,8.81,2.5,5,88.1
178,4.5,54.3,7.14,2.2,7,57.7
179,9.4,76.9,8.13,3.6,5,84.2
180,2.2,95.7,8.64,1.0,5,62.3
181,4.1,69.4,8.4,1.2,7,68.1
182,2.0,91.5,7.35,1.6,6,59.3
183,9.3,56.7,6.94,5.1,5,70.6
184,8.9,96.8,6.88,3.6,6,87.0
185,3.3,87.6,8.2,0.6,5,67.4
186,6.9,97.1,7.47,4.5,7,80.0
187,8.4,83.8,9.25,3.0,5,89.3
188,6.0,68.2,9.37,3.6,4,72.8
189,5.8,96.9,5.85,1.8,4,74.8
190,3.2,63.8,5.68,3.8,5,47.8
191,1.8,66.6,8.15,6.4,7,40.1
192,9.1,85.0,6.51,0.9,7,88.9
193,9.1,88.3,5.09,2.2,3,80.6
194,6.7,96.5,9.44,2.0,7,86.0
195,4.1,60.2,6.13,2.0,6,51.7
196,4.1,89.9,9.65,2.8,5,70.3
197,7.5,86.9,8.59,5.4,4,78.3
198,9.1,53.2,8.81,6.0,7,78.3
199,9.0,69.4,6.01,1.7,4,81.5
200,8.0,64.1,6.17,3.8,3,66.3
201,6.8,65.2,7.61,4.3,5,69.4
202,1.8,99.1,5.86,3.6,7,47.5
203,2.5,82.1,6.53,3.1,4,47.3
204,9.1,85.9,6.61,1.7,7,84.3
205,6.5,98.8,5.8,3.4,3,73.2
206,1.1,68.9,6.03,2.9,4,41.6
207,1.9,90.1,8.94,5.3,4,52.1
208,7.0,71.7,5.84,5.1,5,66.6
209,1.0,93.5,5.14,1.3,5,46.1
210,2.4,59.0,8.15,1.0,4,45.7
211,5.9,97.4,9.88,5.9,5,78.4
212,7.2,60.9,6.66,3.7,4,65.2
213,6.9,66.3,5.59,5.6,6,57.5
214,3.0,87.8,7.85,0.8,7,65.1
215,7.4,69.7,9.53,3.7,6,79.5
216,3.1,80.4,8.92,3.7,6,58.8
217,3.9,72.2,8.11,5.7,7,54.4
218,7.7,87.1,6.58,1.1,4,79.6
219,6.8,61.4,7.71,1.9,4,77.1
220,8.6,52.9,5.46,2.9,5,70.0
221,6.9,65.0,8.39,5.7,3,68.2
222,6.1,73.7,8.63,6.1,4,66.0
223,1.8,58.4,9.83,6.5,7,38.2
224,4.3,67.7,6.3,6.3,3,46.1
225,3.4,70.0,5.09,0.5,7,48.6
226,3.2,52.9,7.73,0.8,7,49.5
227,9.8,79.2,8.53,1.4,7,90.9
228,4.5,94.2,8.95,2.6,3,70.5
229,9.0,57.6,5.97,5.5,6,69.3
230,6.7,79.9,6.31,5.9,7,60.3
231,8.2,83.2,7.56,1.6,5,87.5
232,5.5,71.0,6.65,4.2,4,61.2
233,6.2,85.1,9.3,6.0,4,71.7
234,5.4,70.5,7.37,3.3,4,70.1
235,2.8,75.2,9.0,1.1,3,60.6
236,7.5,50.4,7.9,3.2,5,72.3
237,3.5,84.6,8.87,2.8,5,64.5
238,1.2,83.1,6.66,4.0,5,47.2
239,6.8,51.9,9.16,3.1,5,74.1
240,2.6,68.4,6.37,0.6,5,50.5
241,9.5,99.0,7.73,6.5,6,86.6
242,9.6,71.0,6.07,3.8,5,75.9
243,9.2,75.1,7.38,3.3,5,84.4
244,4.3,95.5,6.59,6.2,3,59.5
245,1.1,85.9,6.33,1.4,3,47.3
246,9.4,79.1,9.83,1.6,5,100.0
247,4.9,89.9,5.8,5.3,6,58.7
248,9.7,93.2,8.94,2.1,5,100.0
249,9.7,72.8,9.92,5.3,5,89.0
250,8.7,73.8,5.1,2.1,5,73.3
251,3.7,69.3,8.5,0.7,7,61.5
252,4.5,98.3,6.26,3.6,6,63.5
253,8.7,84.9,5.2,1.7,4,78.9
254,3.9,54.2,7.01,5.0,5,41.8
255,2.5,93.1,9.68,4.3,4,54.9
256,6.0,74.0,5.06,6.0,6,58.4
257,9.4,53.4,7.94,5.2,5,77.6
258,7.3,77.5,7.51,1.6,4,79.9
259,6.1,70.9,9.37,5.3,4,69.8
260,1.9,93.9,5.42,4.4,6,43.5
261,6.5,60.2,8.41,4.5,5,69.2
262,9.9,91.3,8.4,5.5,7,85.9
263,2.3,77.9,8.35,3.9,6,45.9
264,5.7,52.7,9.71,3.3,7,66.2
265,8.9,98.6,9.12,4.3,5,93.2
266,7.7,75.6,5.21,2.3,4,69.6
267,7.3,64.5,7.36,1.6,6,70.0
268,7.3,73.5,6.99,4.2,6,72.9
269,4.2,92.9,6.55,1.9,6,63.5
270,3.6,65.2,7.26,1.0,3,59.4
271,8.3,59.6,6.92,0.5,5,83.1
272,8.3,56.5,7.16,4.1,3,66.9
273,8.8,64.9,9.9,2.7,6,88.4
274,9.2,89.0,5.44,5.0,6,79.8
275,5.6,73.6,9.61,2.8,7,75.5
276,5.5,61.4,7.4,3.4,3,59.7
277,8.2,58.3,8.12,2.9,4,77.2
278,6.8,66.6,9.15,4.4,5,74.8
279,7.3,97.0,6.8,2.6,4,82.1
280,8.2,67.2,7.15,6.3,4,74.7
281,9.0,99.4,7.05,6.1,5,81.2
282,4.0,74.3,6.87,5.6,6,52.3
283,4.4,59.0,9.63,6.0,7,56.3
284,1.8,94.6,9.14,3.2,6,57.8
285,6.2,73.0,5.54,3.7,6,63.9
286,1.3,85.5,5.54,5.0,3,39.1
287,5.2,99.2,7.14,4.7,4,64.6
288,5.9,52.5,5.49,5.8,4,53.0
289,3.6,54.8,8.1,4.8,4,50.9
290,6.3,86.0,5.72,6.5,7,65.9
291,1.3,64.1,7.61,2.6,7,45.5
292,1.3,59.2,5.04,5.5,7,30.0
293,8.4,52.0,6.58,4.7,5,67.3
294,4.2,51.1,8.39,4.6,7,55.4
295,2.1,88.7,7.42,2.5,3,52.1
296,5.7,56.7,9.89,5.2,3,62.1
297,7.9,73.4,9.37,5.9,6,78.5
298,2.9,80.3,6.8,1.8,6,50.9
299,6.6,71.4,5.23,4.3,6,62.6
300,1.8,51.4,9.23,2.9,6,47.7
301,1.5,89.2,9.56,6.4,3,49.4
302,5.8,50.5,9.1,3.4,6,68.9
303,5.9,88.1,5.64,1.9,3,72.4
304,6.7,94.7,9.99,2.8,7,83.9
305,7.5,71.6,6.29,4.4,7,71.0
306,9.8,76.8,8.62,1.0,5,98.9
307,5.6,73.8,9.54,4.1,6,70.8
308,3.9,69.5,6.18,6.1,7,45.4
309,8.2,94.4,9.54,5.6,7,83.4
310,3.4,94.7,6.55,0.9,4,61.6
311,5.0,66.8,9.88,6.5,4,58.4
312,1.7,80.8,6.41,4.7,3,45.3
313,1.2,96.3,9.77,1.5,5,60.4
314,9.7,98.1,5.27,0.6,4,94.1
315,8.5,75.4,8.55,1.5,5,91.6
316,7.3,72.6,7.66,5.5,7,70.9
317,4.7,63.9,7.39,0.6,3,67.2
318,2.6,97.9,6.12,1.9,5,55.9
319,2.4,57.1,8.53,5.0,4,45.9
320,3.3,79.0,5.95,4.0,7,50.7
321,5.9,64.1,7.76,5.2,6,59.5
322,7.4,64.0,6.27,5.0,7,64.1
323,6.9,70.2,9.78,0.8,4,87.5
324,3.5,99.9,5.14,5.9,4,50.1
325,9.6,52.7,6.0,1.9,6,73.0
326,7.6,78.9,6.21,3.8,7,71.7
327,6.0,54.1,7.07,4.4,5,56.4
328,6.5,57.7,6.16,1.5,5,66.7
329,4.8,72.0,7.46,6.4,7,57.0
330,3.2,75.5,9.36,3.4,5,61.0
331,4.2,62.9,8.56,0.8,7,62.7
332,7.8,65.8,7.9,6.1,7,70.4
333,1.1,54.3,5.45,4.0,4,30.0
334,2.0,65.2,8.47,4.7,3,41.2
335,1.4,98.3,5.83,3.7,4,46.2
336,1.4,97.2,8.93,5.5,5,59.9
337,8.7,66.7,6.25,0.7,3,77.8
338,7.3,78.5,7.09,2.1,7,71.6
339,5.3,95.5,6.75,3.3,5,73.1
340,1.9,50.3,9.29,1.0,6,51.8
341,5.4,90.5,5.63,4.7,5,62.5
342,5.3,97.4,7.83,2.9,3,72.3
343,2.6,54.6,5.71,2.1,3,43.0
344,4.9,58.1,8.52,0.5,7,66.6
345,4.6,98.0,9.53,4.8,6,75.3
346,6.5,76.9,7.17,5.5,7,68.8
347,6.7,50.7,7.44,2.9,6,67.0
348,1.4,62.9,9.64,3.9,6,44.9
349,4.4,72.5,7.6,1.9,7,63.4
350,6.6,84.6,7.44,4.2,5,70.5
351,5.5,86.7,7.89,0.6,4,79.7
352,8.7,99.8,8.45,3.4,6,89.8
353,6.9,64.4,5.53,4.4,3,61.2
354,2.5,76.9,9.11,6.0,7,47.6
355,1.6,76.7,7.18,2.8,5,45.5
356,6.8,70.3,5.36,5.1,6,59.4
357,1.2,58.5,8.93,4.1,5,41.7
358,6.3,98.9,6.88,6.1,7,66.9
359,9.5,92.7,5.5,2.9,3,89.7
360,6.2,74.9,8.17,2.4,6,72.6
361,4.5,80.2,9.4,5.8,6,61.6
362,6.8,61.4,9.44,0.8,5,81.4
363,5.1,77.2,9.79,1.3,7,81.9
364,5.9,84.7,9.34,1.0,4,79.7
365,9.5,75.8,5.01,5.6,6,73.3
366,4.5,99.5,6.9,0.6,3,69.6
367,9.7,80.6,9.09,5.7,6,90.5
368,9.1,68.5,6.83,3.2,6,83.0
369,2.8,88.6,8.01,0.5,4,63.5
370,1.6,58.5,8.03,2.9,4,42.5
371,1.9,69.2,6.83,1.6,7,49.2
372,1.2,67.3,9.52,4.2,6,48.6
373,1.8,71.6,7.52,4.6,6,48.5
374,7.1,89.1,7.32,3.4,5,75.6
375,1.6,74.2,9.99,0.7,5,61.4
376,3.9,89.7,7.47,4.4,3,60.3
377,8.6,78.8,5.89,5.6,3,67.9
378,1.2,67.1,7.57,4.8,5,43.8
379,8.3,90.5,9.07,5.5,3,85.8
380,3.5,61.9,8.88,1.7,6,61.1
381,2.1,61.2,8.94,5.8,4,46.9
382,7.3,75.2,8.54,2.4,6,81.7
383,6.7,63.0,6.27,0.6,5,67.1
384,8.9,50.5,9.31,5.6,7,78.4
385,7.6,82.4,9.47,6.2,7,80.2
386,8.2,75.6,5.97,4.4,5,67.8
387,3.5,72.3,5.65,1.9,6,57.3
388,2.6,98.3,9.88,2.0,3,67.0
389,7.8,78.6,9.34,3.3,3,87.0
390,8.3,93.2,9.47,5.9,7,85.1
391,9.9,57.0,9.43,1.4,5,90.5
392,4.7,78.5,7.71,5.5,5,58.9
393,4.3,93.4,8.23,2.2,4,76.2
394,8.0,79.2,7.73,5.4,7,82.2
395,4.1,85.9,5.26,6.0,5,48.4
396,9.4,68.6,8.73,3.1,4,91.3
397,8.7,54.6,7.53,2.7,3,77.1
398,4.9,72.9,8.24,5.3,7,66.5
399,7.8,69.7,7.51,3.7,7,78.5
400,7.8,93.4,7.46,4.6,5,81.0
401,1.9,62.2,5.86,4.2,5,37.6
402,9.1,98.3,6.39,1.4,6,93.2
403,5.5,97.9,5.79,5.6,3,64.5
404,8.4,62.4,5.98,1.7,3,72.0
405,3.9,67.4,9.86,6.1,4,57.7
406,9.1,94.8,5.77,2.0,4,85.3
407,4.5,98.3,6.35,4.9,6,59.7
408,1.1,72.2,7.95,2.2,3,50.0
409,9.1,66.0,8.05,2.4,4,85.3
410,1.8,76.3,5.77,2.4,3,43.0
411,3.9,84.4,8.97,5.0,3,58.1
412,9.6,63.7,8.93,3.8,4,84.0
413,9.6,86.8,6.19,5.8,5,80.8
414,6.2,52.6,6.44,2.3,5,66.6
415,6.7,52.5,9.69,4.7,4,65.8
416,5.0,69.3,9.13,5.0,6,64.1
417,3.6,67.7,8.49,1.4,7,62.2
418,4.0,65.8,5.41,2.9,3,53.8
419,7.1,74.6,7.09,3.4,7,72.7
420,7.8,66.0,7.8,2.6,4,78.2
421,8.1,59.6,5.94,2.4,3,74.9
422,8.1,65.5,7.24,4.6,7,70.3
423,1.8,98.7,8.01,1.8,5,61.4
424,5.4,70.6,6.64,4.8,6,54.3
425,1.5,72.2,8.9,6.1,7,43.9
426,5.9,78.8,9.2,3.9,6,72.2
427,5.0,99.2,6.62,4.2,5,64.1
428,9.0,62.1,9.19,0.9,7,92.3
429,4.2,84.1,5.52,5.7,4,54.5
430,2.1,85.8,9.19,2.2,3,62.6
431,2.3,80.4,5.76,4.2,5,45.6
432,7.9,54.4,5.41,6.4,6,55.6
433,6.6,83.8,8.21,4.1,6,73.6
434,1.9,53.2,7.36,4.8,5,41.0
435,1.8,79.8,9.54,3.2,4,58.1
436,7.3,87.0,6.82,0.9,4,84.9
437,1.7,60.5,6.44,5.3,6,36.3
438,8.4,92.1,7.5,0.7,5,90.2
439,7.4,51.5,7.28,4.7,5,59.0
440,1.7,92.2,6.72,0.6,3,57.7
441,1.8,73.0,8.47,5.7,6,44.6
442,9.9,60.9,8.8,1.4,4,87.6
443,4.4,56.7,9.26,3.6,7,61.9
444,4.3,97.7,9.86,4.1,4,76.4
445,8.3,53.6,6.33,3.2,4,72.8
446,9.5,60.0,8.58,2.5,7,88.3
447,9.9,67.4,6.97,3.3,6,86.8
448,7.8,81.0,8.39,2.4,3,75.5
449,4.4,77.2,7.38,3.1,4,66.3
450,1.8,56.3,9.97,2.7,4,48.0
451,8.0,64.5,8.64,3.9,6,75.4
452,6.0,61.9,9.76,1.9,6,72.6
453,4.8,60.7,9.17,6.4,5,55.8
454,9.2,70.6,9.51,3.5,6,93.2
455,2.0,85.2,9.07,1.7,6,61.0
456,5.4,60.9,7.3,3.4,4,58.3
457,1.1,68.3,6.26,5.7,3,31.8
458,5.2,69.5,6.85,0.6,4,73.7
459,1.5,98.8,5.1,4.6,6,44.3
460,2.1,97.7,7.62,3.8,5,53.8
461,2.1,90.0,7.53,1.5,3,52.2
462,6.8,62.1,7.63,5.4,5,59.7
463,7.7,53.4,9.87,2.7,7,75.4
464,6.3,65.8,9.56,2.3,5,75.6
465,9.7,63.3,5.81,5.5,5,77.2
466,4.4,75.3,6.84,4.3,6,58.4
467,3.6,88.9,7.12,5.9,6,57.8
468,8.8,92.9,6.8,4.3,6,85.4
469,3.0,92.2,8.99,4.9,6,56.2
470,9.7,68.0,7.62,5.5,6,82.0
471,1.1,84.4,7.86,0.8,5,54.2
472,9.7,65.6,9.27,5.2,7,85.2
473,1.4,53.0,9.03,4.2,6,40.7
474,9.0,85.1,5.66,0.9,7,85.3
475,5.7,50.5,8.57,3.6,7,57.5
476,9.9,70.5,7.18,1.0,4,86.2
477,1.7,66.5,6.47,4.9,4,45.7
478,6.0,84.7,5.25,3.8,3,59.8
479,9.7,88.3,7.44,6.2,4,79.6
480,5.7,65.2,6.78,1.6,6,63.0
481,6.7,90.6,6.26,4.1,7,72.6
482,7.3,64.7,8.47,1.8,3,79.4
483,5.1,72.3,8.85,4.2,4,62.3
484,6.6,86.4,6.22,4.8,5,68.3
485,6.3,84.6,5.25,4.8,3,61.4
486,9.1,99.4,9.24,5.4,6,92.8
487,1.4,61.3,5.05,5.6,7,30.0
488,3.5,83.1,9.69,1.0,6,67.4
489,9.6,80.5,8.14,2.6,6,89.4
490,9.0,95.8,6.61,4.6,5,77.8
491,5.1,57.8,6.23,3.5,5,53.9
492,6.6,87.6,5.05,1.6,7,71.0
493,3.5,78.4,6.18,3.8,4,47.7
494,2.7,63.7,5.69,2.9,6,42.9
495,5.2,73.7,8.06,2.8,4,65.9
496,4.2,66.7,5.83,5.4,7,42.1
497,6.3,79.0,7.64,2.9,6,70.0
498,1.7,94.5,7.95,0.7,4,56.9
499,9.8,78.5,6.49,0.8,6,91.0
500,9.9,81.6,5.18,5.6,5,82.1
501,7.3,75.9,5.19,6.3,5,62.4
502,5.8,52.6,5.13,4.6,3,54.4
503,3.8,61.6,8.7,2.7,7,57.5
504,8.3,74.6,6.59,6.1,4,72.6
505,7.2,65.5,8.98,4.5,6,73.8
506,2.5,59.1,7.16,5.6,3,47.7
507,9.2,75.2,7.26,5.1,7,79.7
508,8.4,66.1,7.56,2.8,7,81.3
509,9.5,62.9,8.57,3.4,7,85.9
510,7.5,73.2,6.37,1.6,4,78.7
511,6.5,56.7,5.61,2.3,5,63.6
512,4.8,96.4,7.78,5.2,3,66.9
513,9.4,93.4,6.63,5.9,4,79.7
514,8.8,85.4,7.21,4.8,6,78.5
515,1.4,55.3,8.23,3.3,4,39.8
516,1.2,88.8,7.47,1.0,6,52.2
517,4.4,90.4,8.1,0.8,6,72.2
518,8.3,88.4,7.72,2.7,7,83.9
519,9.9,55.7,8.7,3.3,4,79.8
520,2.4,82.2,8.53,4.2,5,56.9
521,6.3,91.7,7.67,0.5,6,82.4
522,4.4,78.9,8.39,6.4,7,58.2
523,9.7,82.3,9.37,2.7,5,99.7
524,8.6,72.9,7.16,5.6,4,72.7
525,8.5,76.4,7.06,3.7,5,78.8
526,5.2,51.7,8.82,1.3,4,65.8
527,4.7,81.9,7.91,5.3,6,60.0
528,3.5,54.1,5.36,4.8,3,37.8
529,1.5,71.8,9.46,3.7,3,52.6
530,8.8,64.6,5.15,3.6,6,72.5
531,8.3,77.3,8.74,1.0,5,90.8
532,10.0,56.7,8.79,4.4,4,82.1
533,10.0,84.6,9.77,6.0,3,95.2
534,6.0,89.8,5.27,1.1,4,68.7
535,7.9,58.2,7.98,2.1,6,77.4
536,9.5,55.2,7.14,5.9,5,79.6
537,8.6,57.3,6.65,2.2,4,78.3
538,3.2,93.9,5.45,4.4,5,52.7
539,5.1,76.4,7.81,3.7,3,68.5
540,2.2,73.4,7.4,4.1,4,45.3
541,9.6,55.3,5.52,3.0,7,76.6
542,6.5,82.5,8.06,2.3,3,74.3
543,3.1,93.4,8.69,0.8,5,66.9
544,7.0,91.4,8.84,5.0,6,83.7
545,6.6,81.3,9.53,5.0,7,76.8
546,4.2,53.8,7.05,4.5,4,53.5
547,2.0,55.6,9.77,4.4,3,46.9
548,7.0,52.5,9.33,2.0,4,78.4
549,5.7,62.9,6.48,0.6,4,65.8
550,8.0,56.8,5.8,5.4,7,64.0
551,5.7,63.0,7.18,3.4,7,62.2
552,8.7,69.3,7.01,2.3,7,81.8
553,6.0,97.1,7.88,1.1,7,79.8
554,6.0,80.5,7.92,0.9,6,71.9
555,8.9,91.7,8.75,2.6,5,93.0
556,4.6,85.5,7.55,5.3,7,61.1
557,2.2,55.6,5.52,6.0,3,37.1
558,1.3,86.8,9.29,5.9,4,41.8
559,7.8,63.8,6.55,6.0,7,70.6
560,6.6,82.0,9.86,5.9,3,78.5
561,7.3,67.0,5.59,3.7,6,68.0
562,2.9,99.9,9.79,1.8,3,70.7
563,2.2,63.2,5.46,5.3,3,32.7
564,1.1,64.0,6.16,1.8,6,45.4
565,4.2,96.5,5.23,2.1,6,65.1
566,6.3,51.2,8.53,1.9,4,69.4
567,4.5,84.8,9.25,3.6,7,69.3
568,4.9,86.3,7.17,2.4,3,66.8
569,9.1,91.8,9.64,1.4,5,100.0
570,4.1,98.7,7.95,3.2,5,67.4
571,5.6,98.8,8.15,5.7,4,71.6
572,8.1,53.3,9.23,3.9,5,77.7
573,4.6,91.1,6.48,5.8,4,65.5
574,6.6,82.3,6.77,1.7,7,71.9
575,8.8,82.4,9.53,1.5,4,94.8
576,9.5,56.4,9.5,4.0,6,88.6
577,2.3,82.5,9.88,3.3,6,61.8
578,9.3,99.1,9.51,4.5,6,97.8
579,5.4,95.6,5.64,5.3,6,71.0
580,3.3,72.0,9.12,5.0,6,58.7
581,5.1,52.0,7.05,6.2,6,48.0
582,9.8,68.1,9.95,2.9,6,91.3
583,5.4,91.3,7.36,1.7,6,73.0
584,4.0,85.1,7.77,3.8,6,59.9
585,6.7,73.0,7.65,1.2,7,76.2
586,3.2,52.8,6.61,2.2,6,48.3
587,1.7,71.3,5.38,1.7,4,43.5
588,2.2,73.5,9.48,2.9,7,48.3
589,2.2,96.4,9.01,1.2,5,62.3
590,2.4,82.1,5.7,0.7,3,54.5
591,2.2,65.6,8.88,4.4,7,53.5
592,6.8,76.3,8.13,4.2,6,71.7
593,2.6,53.3,7.05,4.8,7,39.3
594,4.1,98.6,6.27,4.5,3,59.6
595,9.1,68.0,9.3,1.2,3,96.6
596,5.3,73.9,8.5,2.2,6,69.9
597,7.0,67.8,7.74,1.3,6,69.2
598,2.6,84.1,8.05,5.6,4,56.5
599,2.7,83.1,5.46,5.0,3,46.9
600,1.4,85.8,7.37,1.7,6,47.6
601,2.5,63.4,5.97,2.5,3,42.9
602,3.5,65.8,6.04,6.3,4,40.4
603,2.6,56.3,8.31,4.1,5,46.0
604,1.8,82.8,9.56,5.3,3,56.4
605,2.1,52.0,7.02,2.1,4,37.4
606,5.1,79.9,6.04,1.8,4,63.0
607,2.9,93.5,8.24,5.2,4,57.2
608,4.3,94.5,9.36,4.6,7,68.5
609,5.5,72.5,8.74,4.6,6,63.9
610,7.2,73.0,9.34,3.8,3,81.9
611,1.4,53.8,7.68,3.9,7,37.9
612,8.2,83.5,8.76,4.9,3,81.7
613,6.7,91.1,5.7,2.1,7,74.8
614,1.7,62.2,6.74,2.6,6,41.3
615,8.9,71.1,6.95,5.7,4,73.6
616,9.3,91.9,7.56,2.4,3,89.2
617,1.5,93.9,9.65,3.8,4,63.6
618,3.5,62.2,9.37,4.7,6,57.2
619,8.3,77.5,5.67,6.5,3,67.6
620,7.7,59.6,5.86,3.1,5,71.6
621,2.7,55.1,6.79,3.1,5,45.8
622,2.9,95.6,6.45,5.6,5,51.4
623,4.3,91.0,8.07,5.3,6,59.3
624,5.4,88.0,9.51,4.9,5,69.6
625,6.6,52.4,9.81,3.3,3,74.5
626,4.3,92.2,8.27,2.4,5,71.4
627,5.2,71.9,9.19,4.2,3,62.6
628,7.7,67.1,7.63,5.8,6,68.7
629,1.3,77.3,6.04,5.8,4,38.2
630,3.3,54.6,7.62,1.2,7,56.7
631,7.4,87.8,7.78,3.1,5,82.0
632,9.1,79.1,8.71,3.3,7,87.4
633,5.6,59.3,6.1,6.4,4,52.0
634,5.8,59.4,6.84,4.6,6,57.5
635,2.0,59.2,6.82,2.9,6,43.6
636,5.0,52.9,9.8,0.7,4,73.3
637,5.8,79.4,7.22,3.9,7,64.3
638,3.2,92.0,8.78,1.1,5,68.6
639,3.4,50.9,8.75,5.5,3,47.2
640,4.4,52.5,6.33,5.0,6,46.0
641,1.2,78.6,7.86,3.3,4,46.1
642,3.9,91.0,9.47,3.1,7,73.0
643,2.9,66.3,7.38,5.9,5,46.5
644,3.9,67.5,9.73,2.2,7,63.1
645,2.1,79.8,6.07,2.0,5,50.6
646,9.0,63.7,5.37,6.1,3,66.3
647,6.3,51.3,9.46,5.4,3,59.1
648,7.1,86.8,9.24,5.4,4,71.5
649,8.1,81.3,9.96,1.7,4,92.9
650,5.5,79.0,8.4,1.4,5,72.7
651,1.8,87.1,9.68,0.7,5,65.8
652,5.8,83.8,9.13,1.9,5,78.9
653,6.3,60.3,9.22,5.1,5,67.8
654,7.7,67.6,7.85,1.9,3,77.2
655,4.9,56.3,6.91,4.9,4,53.9
656,2.1,56.5,9.67,2.0,4,57.1
657,3.6,83.8,7.16,2.9,6,52.8
658,4.3,92.9,7.69,6.4,4,59.2
659,6.8,98.1,7.23,2.0,4,85.2
660,6.1,81.4,7.82,2.8,7,69.3
661,4.2,59.2,7.35,2.3,7,56.6
662,9.9,55.3,5.24,1.2,6,77.4
663,6.5,90.6,9.41,3.4,5,80.3
664,3.1,78.9,7.22,2.8,6,49.9
665,1.9,80.9,7.94,4.7,6,51.1
666,2.4,89.1,5.7,5.4,3,45.5
667,3.2,85.2,5.02,3.8,4,44.7
668,2.4,91.7,6.23,0.7,3,58.1
669,2.7,52.8,8.52,4.2,4,47.1
670,3.6,87.4,5.5,0.8,6,57.1
671,2.6,92.5,9.54,4.2,4,66.9
672,9.1,64.3,6.08,4.6,5,75.4
673,1.7,82.0,6.02,1.7,5,51.6
674,5.7,65.7,5.91,5.4,6,54.7
675,4.7,97.9,5.07,6.0,7,51.2
676,9.8,51.7,8.86,5.4,5,73.3
677,2.0,79.0,9.38,2.3,6,54.2
678,4.6,58.3,8.07,4.0,3,60.7
679,9.7,85.6,5.94,6.0,7,78.5
680,8.8,58.8,6.43,2.4,5,79.3
681,8.4,61.8,7.38,5.4,6,68.4
682,3.3,74.7,9.77,0.6,6,65.0
683,2.5,95.7,6.24,0.5,3,57.4
684,7.0,60.6,8.66,5.1,3,69.6
685,9.4,57.2,7.2,5.1,7,71.5
686,6.0,87.9,6.49,5.2,5,63.1
687,6.1,75.0,7.28,6.1,6,61.9
688,3.5,95.6,5.36,1.2,7,55.8
689,7.9,57.3,8.99,1.9,7,74.6
690,2.7,82.3,6.22,5.9,3,45.1
691,3.9,61.6,8.63,1.6,6,56.7
692,4.8,57.8,5.34,4.6,4,51.8
693,5.6,84.2,9.78,3.7,3,78.9
694,3.2,79.7,5.97,1.0,6,54.1
695,2.0,87.7,9.41,2.2,7,61.9
696,6.5,65.5,9.05,3.6,7,72.3
697,3.6,72.4,9.84,5.6,5,61.2
698,6.2,70.3,7.39,4.7,4,63.5
699,2.4,99.2,8.64,4.2,3,60.8
700,5.3,64.6,6.85,3.5,5,60.4
701,5.8,64.7,5.92,2.3,5,62.4
702,1.5,67.7,7.22,1.2,4,45.2
703,4.0,78.2,5.83,3.0,3,58.5
704,2.2,62.6,9.91,0.7,3,56.9
705,1.6,95.8,5.48,1.8,7,48.3
706,9.9,63.3,7.95,3.1,3,84.0
707,3.9,94.8,8.13,3.0,5,64.4
708,8.3,55.2,7.69,0.8,7,78.8
709,3.3,82.8,8.31,4.0,3,59.6
710,7.1,95.3,5.58,3.8,4,75.6
711,7.8,58.4,7.78,1.0,5,78.2
712,6.4,98.4,6.44,6.2,6,72.7
713,5.2,72.6,9.7,1.1,4,75.0
714,4.7,97.3,8.81,5.6,4,62.5
715,4.1,83.8,9.86,0.5,3,70.8
716,9.4,65.1,5.19,5.8,7,72.6
717,8.5,59.4,6.43,0.6,7,77.4
718,9.7,65.2,5.98,5.0,5,74.8
719,2.1,54.7,5.06,2.7,3,33.8
720,7.6,57.2,6.21,4.9,7,62.8
721,9.4,55.2,8.39,2.9,6,81.8
722,2.6,71.1,6.16,0.9,3,52.5
723,1.6,89.8,7.55,5.1,3,46.7
724,7.7,57.1,9.44,0.9,7,86.0
725,6.2,56.5,8.47,6.0,4,59.4
726,8.6,82.2,6.97,0.8,3,87.6
727,2.3,59.9,6.86,3.4,4,38.3
728,8.2,54.9,7.28,4.8,5,71.7
729,2.8,58.3,5.89,2.9,5,39.1
730,2.5,96.2,8.17,1.8,7,64.0
731,2.5,91.1,6.82,5.1,5,44.6
732,8.3,67.7,9.26,5.2,7,76.1
733,7.0,82.8,8.78,6.0,7,76.7
734,5.7,76.9,8.05,2.8,4,74.8
735,4.2,83.9,6.82,3.5,4,51.5
736,8.9,84.1,6.05,2.7,5,79.2
737,4.5,81.4,8.88,2.0,4,75.0
738,8.3,63.3,7.43,5.0,3,73.2
739,5.0,52.0,6.12,2.5,6,50.9
740,4.4,72.8,5.98,3.1,3,60.0
741,5.2,94.5,5.83,2.9,3,67.8
742,3.7,78.5,8.89,4.8,7,59.5
743,7.7,91.6,6.14,6.0,6,66.6
744,5.5,99.6,7.63,4.5,7,77.6
745,3.1,58.2,7.26,3.3,4,48.9
746,9.1,84.6,7.9,5.2,4,83.3
747,4.5,83.7,9.39,4.3,6,71.6
748,5.9,99.0,9.34,0.9,5,82.7
749,9.2,99.3,7.26,1.1,4,92.1
750,6.6,84.3,5.08,0.7,3,69.2
751,2.1,62.2,7.13,3.2,6,43.0
752,9.5,89.9,8.03,5.5,6,87.6
753,6.6,55.4,7.79,2.4,4,70.1
754,4.0,89.0,8.26,2.8,4,62.1
755,2.3,95.5,5.77,6.0,7,46.4
756,8.1,69.1,8.23,5.5,7,73.1
757,6.6,81.5,5.91,4.5,3,65.9
758,5.8,71.5,8.75,2.1,6,76.1
759,9.0,71.9,6.7,1.2,5,85.7
760,8.1,65.5,8.55,0.6,5,86.3
761,2.4,88.1,5.24,1.1,6,50.1
762,3.8,96.8,7.04,2.3,3,70.3
763,3.2,97.0,8.53,3.8,7,65.1
764,7.7,58.7,6.13,0.9,7,71.4
765,1.3,93.7,8.98,1.3,7,62.4
766,6.1,86.9,8.15,1.6,5,79.5
767,7.9,62.6,7.94,4.3,5,69.7
768,8.9,53.4,6.77,4.2,3,73.0
769,4.1,63.4,7.41,3.8,5,51.2
770,8.4,95.6,7.99,2.0,4,84.5
771,2.0,81.7,7.36,2.7,5,49.9
772,8.6,86.1,8.49,1.1,7,95.5
773,2.1,62.9,7.17,1.9,3,51.5
774,4.6,86.0,6.01,5.9,6,53.5
775,8.2,51.4,6.07,6.4,6,61.0
776,2.3,68.8,5.03,4.4,3,42.6
777,3.1,81.3,6.5,6.0,4,49.4
778,7.5,57.3,8.74,4.4,6,73.6
779,7.5,91.2,8.97,0.7,7,90.8
780,6.8,61.8,6.01,6.5,6,59.7
781,7.2,82.6,9.8,1.1,6,87.9
782,5.9,70.3,7.51,4.6,7,68.5
783,3.3,79.8,9.58,2.0,5,64.8
784,4.1,55.4,8.53,2.9,4,56.5
785,2.6,50.8,8.61,4.4,7,39.1
786,9.2,95.5,5.43,3.1,7,87.9
787,6.3,63.5,6.1,2.0,3,62.0
788,4.6,91.0,5.04,2.5,4,53.3
789,5.2,100.0,8.58,2.5,5,76.2
790,9.5,60.6,6.72,6.3,7,72.2
791,2.4,63.3,8.93,5.3,5,48.5
792,6.3,83.1,6.69,3.3,7,71.8
793,5.6,98.3,9.1,1.7,7,78.9
794,6.5,95.8,5.65,5.4,3,75.5
795,1.2,75.1,5.87,1.4,6,42.7
796,8.8,89.8,6.7,1.8,4,82.4
797,9.4,56.8,7.04,2.7,3,84.5
798,6.1,98.9,6.74,5.8,5,71.0
799,7.3,98.2,8.82,1.3,7,91.0
800,9.3,58.2,5.48,1.2,7,76.7
801,7.4,65.0,6.76,3.5,4,69.9
802,2.4,55.0,9.19,2.2,3,45.2
803,6.2,63.6,5.33,3.9,3,57.5
804,6.5,90.8,9.71,3.2,5,89.8
805,4.8,68.9,9.93,3.1,3,65.4
806,7.6,54.4,5.44,1.2,3,68.8
807,9.4,67.1,6.46,1.3,6,78.9
808,9.3,99.1,6.86,5.4,4,84.4
809,5.1,81.5,8.88,5.8,3,61.2
810,2.0,70.8,7.98,1.9,5,52.7
811,9.9,58.3,8.22,1.2,7,89.9
812,8.6,99.3,8.79,0.8,3,93.7
813,2.1,91.0,5.59,4.1,3,46.6
814,9.3,64.1,9.17,4.8,7,84.0
815,8.8,53.5,8.53,2.7,6,80.8
816,5.7,52.8,7.89,4.6,4,61.4
817,6.3,56.0,9.45,4.8,6,71.7
818,4.6,79.0,8.5,6.1,5,58.2
819,1.5,96.4,6.01,0.9,3,51.7
820,4.0,74.8,7.15,1.7,6,60.0
821,8.2,92.1,7.47,0.9,4,85.3
822,1.0,72.3,5.28,5.7,5,30.0
823,4.0,85.4,9.77,5.3,6,66.0
824,4.6,86.6,5.64,3.9,3,63.9
825,5.8,58.7,8.49,1.0,4,67.0
826,9.3,68.1,7.53,2.1,3,92.2
827,4.1,81.9,5.13,2.3,3,54.2
828,4.1,53.5,9.62,3.9,5,61.2
829,7.6,68.1,9.26,2.0,4,83.5
830,5.1,76.7,7.62,0.9,7,70.2
831,3.0,99.8,6.14,4.9,3,52.3
832,5.1,73.7,5.61,2.3,4,59.9
833,2.3,90.8,6.82,3.2,3,50.7
834,2.6,71.6,6.28,1.3,6,53.6
835,5.5,89.8,7.53,5.3,6,69.8
836,4.8,79.8,9.83,3.9,4,67.7
837,9.2,94.3,7.87,5.9,5,81.2
838,4.3,70.5,9.45,3.5,7,63.0
839,6.2,80.2,8.25,6.1,6,73.6
840,6.7,81.5,7.38,5.9,5,69.0
841,1.1,70.9,9.27,4.0,7,50.0
842,7.0,57.2,7.36,6.1,6,59.3
843,2.6,54.7,9.34,2.4,7,51.2
844,9.6,50.8,6.46,2.7,3,76.3
845,2.3,93.7,5.64,0.8,4,51.4
846,4.7,61.8,9.28,4.0,6,62.4
847,1.8,60.6,7.94,4.8,6,38.9
848,10.0,86.8,9.45,5.1,3,97.0
849,5.5,66.0,9.69,1.4,6,73.8
850,6.4,75.3,5.27,3.2,6,68.4
851,1.6,58.1,7.5,1.6,6,39.7
852,7.7,98.0,6.87,4.5,6,77.9
853,2.9,92.6,8.13,1.4,6,62.6
854,9.1,93.2,8.97,5.9,5,90.0
855,2.8,70.3,6.4,1.9,6,49.2
856,2.7,88.1,7.78,2.2,3,64.0
857,1.3,57.2,8.54,5.6,6,37.5
858,5.2,50.4,5.67,3.3,7,48.8
859,6.1,51.0,9.07,0.6,7,71.3
860,1.6,79.3,8.03,3.5,3,47.9
861,8.0,72.8,9.75,1.0,5,91.9
862,5.1,75.9,6.7,6.4,3,54.3
863,5.7,50.4,5.54,4.0,5,47.7
864,5.0,71.1,7.53,2.0,4,65.5
865,4.6,85.9,5.43,3.9,7,55.3
866,6.0,72.1,9.85,1.0,7,75.7
867,2.4,86.6,5.19,5.3,7,43.0
868,2.6,61.7,8.77,6.1,5,45.2
869,8.8,90.7,7.63,5.7,3,82.0
870,9.5,79.4,6.84,2.6,5,87.4
871,4.4,60.5,5.33,2.5,7,49.4
872,3.4,61.8,8.11,0.7,7,58.8
873,6.8,81.4,7.93,4.4,7,71.6
874,4.7,91.5,6.4,3.7,7,65.2
875,1.2,70.8,9.55,3.3,4,49.2
876,2.4,62.9,6.52,5.9,7,43.9
877,7.4,93.4,7.25,1.5,5,82.3
878,6.9,83.5,7.72,0.6,7,82.6
879,1.2,72.4,5.5,0.9,6,45.8
880,3.0,74.4,9.66,1.8,4,64.3
881,3.1,60.2,6.87,0.7,7,53.2
882,7.0,81.3,5.4,3.5,6,69.6
883,1.2,67.9,6.94,2.4,5,43.9
884,1.9,99.8,8.0,1.6,4,61.1
885,8.2,74.0,7.57,5.0,7,75.9
886,2.6,74.3,8.47,1.7,5,59.5
887,6.9,78.3,5.28,4.6,6,64.4
888,3.1,95.8,6.42,2.6,4,55.3
889,1.9,90.0,9.1,3.6,7,62.8
890,3.2,72.6,5.4,6.1,5,44.4
891,7.5,85.9,9.28,0.7,4,87.0
892,8.7,79.3,5.46,3.5,6,75.9
893,8.5,74.6,9.17,5.6,7,79.5
894,4.6,59.6,6.8,4.0,4,51.8
895,7.0,73.2,8.06,2.2,6,79.3
896,2.8,62.3,5.76,2.9,6,43.2
897,3.6,95.7,5.33,4.6,5,59.2
898,9.1,66.8,6.08,5.8,6,66.9
899,1.1,97.6,5.64,0.7,6,50.2
900,1.8,76.7,6.56,0.9,3,45.9
901,2.9,81.6,7.57,2.5,6,57.7
902,1.2,77.1,7.94,1.9,7,50.5
903,2.6,56.5,8.95,2.1,4,55.3
904,6.2,68.8,8.28,1.8,7,69.2
905,4.8,55.0,8.04,1.7,7,62.5
906,9.0,81.1,7.06,1.3,5,85.3
907,8.4,72.3,7.37,6.1,3,73.9
908,4.1,88.9,7.07,1.4,3,64.3
909,3.3,61.0,9.21,1.7,7,55.2
910,4.4,58.2,6.15,2.0,4,56.1
911,6.3,70.3,5.03,6.1,3,54.7
912,3.4,96.3,8.26,5.0,3,63.2
913,6.6,85.5,6.01,5.2,7,69.1
914,4.7,70.9,9.45,1.1,3,74.9
915,6.0,75.9,9.3,5.5,5,68.1
916,4.9,54.2,5.38,2.9,7,48.3
917,3.7,99.2,5.53,2.1,3,64.3
918,9.5,83.3,7.48,4.0,3,87.2
919,7.9,64.3,8.05,5.4,3,76.2
920,2.3,79.3,6.37,5.2,7,40.5
921,8.8,55.5,8.58,5.8,4,76.9
922,5.4,98.3,7.97,6.1,6,68.3
923,9.1,58.7,6.62,1.9,3,79.0
924,8.2,82.4,5.13,3.0,6,74.1
925,4.8,62.3,8.75,0.6,6,64.4
926,1.2,85.9,6.07,5.8,3,40.4
927,3.4,88.8,9.17,1.4,3,67.2
928,5.9,83.7,7.1,5.7,6,65.1
929,6.7,80.7,7.89,2.5,4,82.2
930,3.3,94.6,9.36,2.7,6,65.9
931,2.3,53.9,9.32,0.7,4,53.3
932,8.5,66.5,6.86,2.5,5,77.5
933,9.9,62.4,6.04,5.8,4,73.6
934,5.7,99.4,8.88,0.7,7,82.5
935,2.5,69.5,7.17,2.9,3,51.2
936,3.5,86.6,5.96,0.7,5,63.9
937,1.2,84.2,9.52,2.7,6,54.8
938,9.2,60.6,5.99,1.5,4,81.4
939,2.1,61.9,5.13,2.0,5,39.9
940,6.2,64.1,5.1,5.8,7,53.3
941,3.5,70.6,8.11,3.1,4,55.6
942,6.0,61.7,8.31,2.1,6,66.9
943,6.9,51.0,6.56,4.0,6,65.2
944,8.5,94.0,6.6,1.4,4,86.2
945,2.9,98.3,6.7,2.1,7,61.7
946,1.1,67.1,8.4,3.8,3,40.7
947,2.2,66.9,5.29,1.9,3,43.3
948,9.1,50.4,9.65,4.6,6,80.4
949,8.9,84.0,6.11,3.4,7,78.7
950,6.4,91.3,10.0,5.1,6,78.1
951,6.4,57.3,5.86,6.2,3,51.2
952,7.0,58.0,8.86,1.2,6,76.6
953,2.6,89.5,6.12,2.5,4,47.9
954,9.2,80.8,5.4,2.4,4,81.5
955,4.8,52.2,9.37,1.4,7,66.9
956,4.4,81.1,9.29,5.4,3,63.4
957,5.7,65.4,7.02,5.1,7,56.9
958,1.4,68.4,8.51,3.4,7,44.3
959,2.5,88.5,7.79,3.7,3,58.6
960,7.6,90.5,9.26,0.9,5,91.6
961,1.7,70.0,6.58,3.8,5,44.2
962,6.4,97.4,7.62,5.2,6,76.5
963,3.2,70.3,7.43,3.9,5,50.2
964,4.5,88.6,6.77,2.1,4,62.2
965,3.6,74.2,9.46,4.5,7,61.6
966,4.2,94.9,5.83,2.7,6,59.0
967,7.5,95.4,5.75,3.8,7,74.0
968,3.7,54.4,7.88,3.4,3,52.0
969,6.1,96.8,8.29,2.8,5,78.1
970,5.3,91.3,5.97,4.8,3,55.3
971,7.0,89.6,6.95,5.8,6,67.4
972,9.4,60.0,9.73,0.5,4,96.2
973,7.6,90.3,6.23,6.1,5,71.3
974,2.9,92.5,8.34,3.6,3,62.3
975,1.3,64.5,8.7,4.7,5,40.1
976,3.4,97.6,7.24,5.6,7,53.5
977,6.4,52.5,9.69,3.3,4,72.4
978,1.5,57.5,8.68,5.5,5,43.7
979,5.5,76.9,7.29,1.6,4,66.6
980,6.4,78.8,7.85,1.5,7,79.2
981,4.0,82.3,8.46,4.4,7,58.3
982,7.9,50.8,7.96,5.7,3,62.3
983,2.0,98.0,9.39,5.9,6,57.5
984,1.7,52.2,6.78,4.4,3,32.8
985,7.6,57.2,6.5,3.7,4,63.6
986,5.5,50.7,6.07,2.5,3,52.4
987,7.2,78.3,5.19,6.4,5,61.2
988,4.9,96.6,5.22,2.4,3,59.2
989,3.2,83.3,9.35,5.0,6,60.8
990,8.4,91.1,8.39,3.7,6,88.5
991,8.2,50.7,8.3,4.2,4,74.2
992,7.3,77.1,8.07,2.9,7,81.7
993,3.4,73.0,9.25,6.3,6,57.0
994,6.3,74.9,7.4,3.9,4,65.6
995,4.2,53.6,9.35,6.1,6,55.0
996,1.8,84.2,6.8,0.5,6,57.0
997,9.3,75.2,9.63,3.9,7,92.6
998,2.2,88.3,8.49,4.8,5,56.0
999,9.6,74.3,6.29,5.0,4,78.7
1000,5.0,57.5,7.82,5.9,6,52.0
1001,2.7,82.4,7.67,0.5,6,59.5
1002,5.9,58.6,5.69,0.5,3,61.1
1003,8.9,93.6,7.96,3.3,5,92.9
1004,7.6,80.7,6.57,0.7,7,81.1
1005,8.3,57.9,5.26,6.3,4,64.5
1006,6.9,98.1,9.74,1.8,6,85.2
1007,7.2,75.9,8.21,3.3,4,75.5
1008,8.6,53.6,9.38,0.9,7,82.3
1009,3.2,81.3,8.38,3.6,5,53.5
1010,5.4,62.7,6.78,2.8,3,61.4
1011,3.0,90.2,7.56,0.8,5,59.9
1012,9.9,90.9,8.38,2.5,3,95.8
1013,9.5,98.9,9.8,2.8,4,98.1
1014,1.4,75.1,6.27,6.4,5,34.3
1015,7.4,72.7,9.37,1.7,5,85.3
1016,9.3,87.7,9.62,3.8,5,91.2
1017,2.6,56.6,8.35,6.4,7,40.9
1018,6.1,77.3,9.66,5.3,4,73.7
1019,9.2,77.3,6.99,6.5,3,79.2
1020,1.3,54.5,9.77,6.3,5,38.4
1021,7.3,70.9,8.51,3.4,4,77.4
1022,3.7,92.7,5.21,4.7,7,55.0
1023,9.3,92.8,9.53,1.2,7,97.4
1024,9.7,55.0,7.42,3.1,4,78.9
1025,9.5,54.5,7.3,5.4,3,73.8
1026,5.3,63.1,7.83,3.5,4,63.3
1027,8.8,93.7,5.75,4.7,4,80.5
1028,8.6,56.4,7.35,5.0,6,72.2
1029,3.9,86.0,9.16,2.0,7,65.7
1030,8.5,55.1,5.08,5.8,3,65.3
1031,1.3,81.2,6.36,3.3,6,41.8
1032,6.4,67.8,5.01,1.8,4,63.0
1033,3.1,89.4,7.08,5.7,7,52.7
1034,2.1,61.7,8.64,3.0,6,54.8
1035,1.7,82.0,8.99,5.0,6,48.1
1036,7.3,61.8,9.73,3.8,3,74.6
1037,4.1,85.7,8.04,2.8,4,63.6
1038,7.5,93.7,6.27,5.4,3,77.1
1039,1.6,56.3,9.62,4.0,6,46.2
1040,3.8,93.3,8.88,2.8,6,69.2
1041,5.9,79.7,7.87,1.2,3,77.0
1042,8.1,56.4,8.48,5.9,6,74.4
1043,3.9,71.4,9.62,0.7,5,66.4
1044,6.6,58.0,8.56,5.7,7,66.2
1045,9.0,85.0,6.84,2.7,4,89.1
1046,6.5,87.9,8.57,4.3,7,76.6
1047,3.1,55.3,5.2,6.0,4,33.2
1048,1.2,75.3,6.93,1.4,6,43.5
1049,8.8,90.7,7.03,3.9,3,85.9
1050,1.2,96.8,5.83,5.1,3,38.9
1051,8.9,75.7,5.12,5.0,6,70.1
1052,5.8,97.5,5.67,3.7,4,66.4
1053,9.5,76.8,8.27,4.2,6,87.8
1054,8.2,69.7,9.01,5.0,4,80.7
1055,10.0,92.4,9.94,5.5,6,94.4
1056,4.2,74.6,6.73,5.1,6,49.5
1057,7.9,73.6,8.0,2.6,6,82.8
1058,4.6,74.5,9.69,6.5,3,63.4
1059,5.3,92.3,5.84,3.1,4,66.9
1060,6.6,91.6,8.59,0.6,6,86.2
1061,8.9,70.2,8.77,2.7,7,85.3
1062,9.9,66.7,5.44,1.3,7,82.7
1063,7.9,74.6,9.31,1.2,3,87.6
1064,4.8,78.6,9.07,2.2,5,67.9
1065,4.8,61.9,5.17,0.8,3,57.6
1066,7.6,89.7,5.46,4.6,5,72.4
1067,3.1,74.3,5.25,0.9,3,51.3
1068,2.0,66.7,6.67,1.7,7,49.4
1069,4.2,55.3,7.55,1.1,6,57.7
1070,3.6,61.9,7.66,0.9,4,59.7
1071,3.7,97.5,6.34,2.1,6,59.0
1072,3.1,65.3,9.56,3.9,7,58.5
1073,1.4,58.4,6.84,6.3,4,34.3
1074,1.2,73.0,5.23,5.8,5,38.5
1075,9.9,65.4,6.5,5.8,5,81.8
1076,4.8,51.8,7.66,1.6,7,62.1
1077,4.5,66.2,7.04,2.1,4,57.7
1078,7.1,77.2,6.37,1.0,6,73.1
1079,3.0,77.6,5.66,5.2,7,42.7
1080,9.5,67.8,9.1,0.9,5,94.9
1081,8.1,72.4,9.98,3.8,7,88.4
1082,1.8,98.3,6.65,2.0,6,50.8
1083,4.8,68.9,6.91,2.0,3,58.9
1084,8.9,62.9,8.09,6.4,3,74.9
1085,9.5,62.2,8.59,5.0,6,78.5
1086,5.2,72.9,6.96,5.5,4,56.5
1087,6.5,88.0,9.52,3.9,7,83.4
1088,2.5,60.3,7.8,5.7,6,44.8
1089,9.9,85.5,7.25,4.4,3,90.6
1090,3.1,51.1,8.23,6.2,5,40.2
1091,9.5,70.9,9.76,2.2,6,88.4
1092,6.8,88.8,8.97,4.1,6,78.1
1093,6.5,66.9,5.2,4.6,6,52.0
1094,5.6,78.2,6.66,2.9,3,67.0
1095,3.1,60.2,7.35,5.8,3,46.3
1096,2.6,87.1,6.57,6.4,6,43.7
1097,3.0,52.6,8.5,3.5,6,51.0
1098,2.7,92.6,9.13,2.8,4,64.8
1099,8.0,59.9,8.66,3.3,5,74.0
1100,4.2,93.7,9.95,5.6,7,66.6
1101,1.5,67.6,6.36,4.4,7,36.7
1102,9.7,86.1,9.37,0.8,7,100.0
1103,9.0,66.0,8.83,3.8,3,85.9
1104,9.3,95.3,6.81,0.6,3,96.0
1105,10.0,56.3,8.67,5.2,4,80.8
1106,2.6,58.9,5.52,2.5,3,46.3
1107,4.6,74.7,8.95,3.3,6,66.2
1108,7.8,54.1,7.66,5.3,5,69.1
1109,7.3,59.8,6.46,0.8,5,77.4
1110,2.4,97.2,8.28,1.5,5,65.0
1111,8.3,98.8,8.21,2.9,5,89.6
1112,3.0,68.8,6.05,1.9,7,48.5
1113,3.0,96.2,5.15,2.5,7,49.1
1114,5.8,77.2,7.17,6.5,6,56.0
1115,6.3,63.5,7.85,5.5,4,65.7
1116,6.2,85.1,9.38,5.8,3,67.1
1117,1.8,82.9,9.64,6.1,3,53.6
1118,8.9,99.5,7.64,2.5,7,94.7
1119,3.4,63.3,8.77,2.3,5,55.1
1120,2.2,83.6,7.2,1.9,6,54.4
1121,9.0,52.6,8.73,5.5,4,77.7
1122,9.6,55.7,6.02,4.6,7,73.8
1123,8.8,50.2,6.86,1.9,6,79.5
1124,8.3,100.0,8.17,2.8,6,86.2
1125,6.9,90.1,5.09,3.5,7,71.3
1126,6.0,89.3,8.61,3.7,6,73.4
1127,1.8,75.5,9.18,5.8,5,42.4
1128,4.7,65.0,7.0,2.8,6,54.9
1129,4.4,57.6,7.24,6.0,4,47.4
1130,3.3,64.2,9.26,3.1,6,57.4
1131,7.5,68.8,8.88,5.0,3,72.1
1132,5.5,87.8,6.44,6.1,6,59.4
1133,1.7,77.0,6.62,5.9,7,38.5
1134,3.0,53.9,8.39,0.8,3,52.1
1135,7.1,50.9,7.82,1.7,7,69.1
1136,1.7,55.1,5.81,3.4,4,37.4
1137,8.7,70.5,6.55,3.1,5,83.0
1138,5.5,96.7,9.5,4.3,4,77.0
1139,5.3,81.9,8.44,6.2,3,64.4
1140,6.3,90.1,9.93,1.2,5,85.7
1141,8.4,73.3,8.84,3.2,6,82.9
1142,4.1,68.1,9.71,1.7,3,68.4
1143,7.1,55.4,6.08,5.9,5,61.5
1144,6.1,93.8,8.86,6.3,7,69.1
1145,3.4,89.2,5.1,3.4,5,55.4
1146,8.9,58.4,8.35,1.1,7,89.7
1147,8.2,75.6,7.35,5.2,7,72.3
1148,6.9,74.4,6.73,4.7,5,70.4
1149,8.7,81.3,9.31,2.6,4,95.5
1150,8.8,97.3,9.27,5.8,4,91.5
1151,7.4,79.0,5.11,6.4,7,62.7
1152,8.5,77.0,8.05,3.8,3,84.5
1153,7.3,52.5,6.84,3.9,5,62.5
1154,7.1,53.1,7.08,2.3,3,67.1
1155,6.6,59.4,9.16,4.0,4,68.1
1156,7.8,51.6,6.55,3.1,3,63.9
1157,2.4,87.2,9.72,2.3,6,62.8
1158,8.9,86.2,5.9,0.9,6,87.2
1159,8.8,56.8,8.31,2.0,4,84.0
1160,1.3,91.8,8.36,1.7,3,42.3
1161,8.4,57.7,6.26,3.8,5,71.0
1162,2.2,65.1,6.62,4.1,4,42.4
1163,4.0,62.4,9.17,4.2,6,54.6
1164,7.7,68.6,8.81,2.8,4,78.6
1165,2.4,62.7,6.65,3.0,3,47.0
1166,8.4,74.4,7.67,5.5,3,76.6
1167,8.5,70.4,5.31,3.4,3,72.7
1168,5.6,99.3,6.04,6.4,7,65.8
1169,1.1,52.8,7.43,3.1,3,44.4
1170,3.6,57.1,5.43,4.4,6,41.9
1171,6.6,52.6,9.22,0.8,6,75.6
1172,9.8,81.3,8.59,4.4,7,87.7
1173,6.7,52.7,9.72,5.6,6,73.7
1174,3.3,91.8,8.47,6.2,6,55.4
1175,6.7,75.6,9.7,6.5,4,66.9
1176,5.9,76.4,7.77,2.2,3,73.2
1177,8.0,78.1,8.0,4.0,4,74.6
1178,2.0,58.5,9.88,3.2,4,54.7
1179,7.8,59.9,8.21,3.9,6,75.6
1180,5.9,65.9,5.15,1.4,5,58.8
1181,9.7,79.7,8.62,5.6,3,89.1
1182,4.1,60.5,9.53,6.0,5,54.2
1183,6.7,55.8,8.98,3.2,6,72.1
1184,9.4,98.5,7.92,2.2,7,92.1
1185,1.9,51.1,8.36,1.3,4,43.3
1186,9.4,90.1,9.95,4.6,6,95.6
1187,7.2,89.4,5.45,2.4,6,80.0
1188,1.6,64.9,8.34,6.0,5,38.6
1189,3.7,56.8,6.42,4.5,7,43.6
1190,7.4,57.3,8.2,4.4,4,69.0
1191,1.6,84.9,8.04,3.9,7,45.8
1192,6.2,82.1,5.77,0.8,7,73.0
1193,4.1,89.1,6.03,6.1,7,55.8
1194,6.6,96.9,8.11,4.3,3,79.2
1195,1.4,84.6,5.64,6.5,7,35.8
1196,8.8,57.8,6.33,3.7,6,69.9
1197,9.8,62.2,9.18,4.8,3,91.8
1198,9.7,92.1,6.64,0.8,3,91.9
1199,7.7,60.5,7.44,4.3,7,67.7
1200,2.2,53.6,9.71,5.1,6,40.6
1201,7.8,85.2,6.14,5.2,4,68.3
1202,1.2,70.1,6.95,5.1,7,38.7
1203,1.2,96.0,8.03,1.9,3,53.8
1204,3.9,82.5,8.78,6.4,4,55.2
1205,5.4,54.5,9.51,6.5,4,56.5
1206,7.9,97.4,9.58,1.0,3,93.9
1207,7.1,62.9,8.88,6.1,4,66.8
1208,5.0,66.9,6.14,2.2,6,63.3
1209,3.5,70.1,5.12,4.6,6,43.6
1210,10.0,52.6,6.92,2.5,7,82.0
1211,4.8,74.8,5.71,6.3,7,51.1
1212,5.1,56.2,8.55,1.1,4,66.1
1213,2.5,70.0,8.31,3.5,3,50.3
1214,8.2,67.5,5.22,3.1,6,69.3
1215,7.2,88.6,9.18,2.5,5,87.0
1216,3.0,90.2,6.24,4.4,7,52.6
1217,1.7,57.7,7.16,1.3,6,42.4
1218,7.1,68.3,8.34,4.8,4,62.8
1219,6.9,68.7,7.15,6.4,6,61.9
1220,3.5,57.6,7.21,5.3,6,41.7
1221,9.6,89.9,5.33,5.7,4,76.8
1222,2.4,85.4,7.01,2.7,7,49.3
1223,4.9,59.5,8.82,2.4,7,67.5
1224,9.5,68.3,9.58,3.6,5,93.0
1225,4.8,55.3,7.07,0.8,5,62.5
1226,6.7,81.4,7.12,6.2,7,65.9
1227,4.6,56.1,8.51,1.4,7,60.6
1228,3.5,99.3,9.71,5.9,7,60.1
1229,9.9,89.0,6.34,1.0,7,96.0
1230,4.7,69.5,7.2,5.4,6,57.8
1231,9.0,78.9,8.98,1.4,5,94.3
1232,3.1,95.6,8.05,0.7,4,63.6
1233,2.9,77.7,5.55,4.8,3,43.8
1234,1.3,58.7,8.14,2.2,4,43.8
1235,6.9,68.9,5.93,4.8,3,58.1
1236,4.3,92.2,7.55,3.8,6,68.5
1237,8.8,82.2,7.65,1.2,5,85.2
1238,5.3,82.5,9.38,6.1,3,64.9
1239,9.7,93.3,7.31,3.2,7,86.7
1240,2.7,94.7,6.4,4.9,6,50.7
1241,8.8,96.0,6.15,3.5,3,83.5
1242,8.0,54.7,9.37,4.1,7,79.3
1243,7.9,77.2,5.86,2.3,6,72.8
1244,8.6,87.0,7.13,1.7,3,83.8
1245,7.8,87.8,5.94,3.8,7,75.8
1246,6.6,80.3,8.87,3.1,5,71.3
1247,2.2,58.3,7.37,2.8,6,49.0
1248,1.3,89.9,6.76,4.5,3,40.8
1249,9.3,86.0,6.81,4.6,7,89.0
1250,6.5,54.3,9.26,0.8,5,72.6
1251,8.2,73.2,7.77,2.5,7,77.0
1252,5.3,58.7,8.59,3.0,5,65.6
1253,2.1,66.9,9.49,1.1,3,58.4
1254,2.1,50.9,9.51,1.9,7,52.1
1255,7.2,70.0,6.64,0.8,7,75.6
1256,4.9,77.5,9.76,6.5,4,70.7
1257,2.8,81.0,5.12,4.9,6,39.8
1258,5.4,83.2,6.88,1.0,7,74.7
1259,1.6,91.8,9.48,0.6,5,58.0
1260,6.2,60.8,6.37,4.8,6,63.7
1261,3.4,56.0,6.37,3.1,3,47.8
1262,8.2,92.6,6.51,5.2,6,82.6
1263,3.8,57.8,8.06,6.0,4,51.2
1264,5.1,98.7,7.19,4.1,3,62.0
1265,1.1,92.1,8.63,1.6,7,54.8
1266,1.7,75.0,9.47,5.2,3,45.3
1267,4.5,99.1,8.37,6.2,3,69.4
1268,5.3,54.9,6.02,4.0,4,55.4
1269,6.4,65.2,9.66,4.6,5,71.8
1270,3.6,81.9,6.32,2.5,3,55.3
1271,7.3,67.5,5.75,2.8,5,69.7
1272,8.7,96.4,5.45,4.9,6,76.1
1273,8.0,53.3,7.82,6.1,4,68.1
1274,1.4,77.5,5.57,4.3,7,38.0
1275,5.3,79.5,5.69,5.2,3,54.6
1276,1.9,82.6,6.5,1.5,5,52.9
1277,3.2,62.8,6.41,1.8,3,56.1
1278,9.9,68.2,8.02,3.7,4,82.3
1279,2.3,92.2,9.08,1.6,7,66.0
1280,5.5,59.7,8.81,4.3,6,60.8
1281,6.6,91.3,6.31,2.2,6,76.7
1282,7.3,78.1,6.23,5.2,5,66.4
1283,6.0,88.1,9.83,5.3,6,74.4
1284,1.1,85.7,5.04,3.3,5,39.1
1285,3.9,60.4,9.4,1.6,7,66.7
1286,5.7,78.4,6.0,4.4,3,60.9
1287,1.8,93.4,9.74,6.5,4,52.2
1288,4.2,71.6,6.71,4.2,7,54.0
1289,1.3,98.3,7.2,0.7,7,61.9
1290,1.7,72.6,8.54,0.6,6,56.4
1291,4.6,57.1,7.94,2.4,6,57.3
1292,2.2,69.5,6.59,1.7,4,52.7
1293,6.1,97.6,7.77,5.4,3,72.8
1294,7.2,66.0,8.65,5.6,7,68.0
1295,8.2,93.4,5.21,2.1,6,81.6
1296,2.8,94.1,5.06,2.5,7,52.0
1297,2.5,67.5,7.29,1.9,3,40.7
1298,1.9,54.2,5.66,6.0,5,31.7
1299,6.7,86.2,8.32,3.5,3,74.1
1300,7.4,65.6,6.07,4.4,7,62.3
1301,1.3,89.1,7.16,3.0,7,42.9
1302,9.4,72.1,5.99,4.3,4,78.4
1303,1.5,74.3,7.74,2.8,7,47.0
1304,5.9,88.9,5.58,2.5,6,70.8
1305,7.4,69.1,5.12,4.3,4,62.1
1306,8.8,72.2,5.26,4.0,7,72.0
1307,7.4,68.8,9.77,2.3,3,88.3
1308,8.2,68.4,5.71,1.4,7,69.9
1309,4.1,76.3,8.54,2.7,3,67.3
1310,8.3,90.4,5.34,3.0,3,76.3
1311,1.7,68.1,5.54,4.3,7,46.3
1312,9.1,76.2,7.54,6.0,3,81.1
1313,5.9,83.5,7.32,0.7,5,73.2
1314,8.4,63.5,9.76,2.0,4,82.1
1315,5.1,63.9,9.72,1.7,7,71.7
1316,6.8,96.7,8.9,3.5,5,77.0
1317,5.7,86.2,8.01,3.1,3,74.3
1318,7.6,78.9,7.27,4.9,3,69.5
1319,1.7,82.4,6.78,2.0,4,46.7
1320,1.5,51.5,9.74,4.1,5,35.6
1321,3.2,80.9,8.01,5.8,5,53.1
1322,2.4,75.5,7.9,6.0,7,47.2
1323,8.8,77.3,6.16,6.3,3,73.2
1324,3.0,68.0,5.23,5.1,6,35.7
1325,9.8,54.1,9.73,5.9,7,86.9
1326,4.0,59.7,6.57,1.9,7,53.3
1327,2.6,97.5,7.21,1.7,7,58.9
1328,8.1,70.4,5.57,0.5,4,79.7
1329,6.9,73.3,9.18,4.7,4,73.3
1330,5.5,52.6,5.14,6.1,7,47.8
1331,6.0,51.9,9.17,1.6,6,67.5
1332,7.5,85.9,5.7,4.3,5,74.2
1333,3.1,76.9,9.43,5.0,5,59.2
1334,10.0,75.4,8.65,6.1,3,85.0
1335,9.8,62.2,5.82,4.4,5,76.8
1336,6.9,87.2,7.83,6.3,5,71.5
1337,2.8,58.4,6.56,2.6,6,45.6
1338,7.1,59.5,5.89,2.6,5,62.3
1339,1.6,73.0,9.3,3.8,6,47.1
1340,1.3,64.3,7.02,2.8,4,40.1
1341,3.3,62.4,6.99,0.5,6,55.4
1342,5.2,82.3,5.85,4.9,4,55.8
1343,8.8,82.5,6.92,5.0,6,79.6
1344,7.5,91.2,9.36,5.0,7,76.1
1345,7.7,70.9,6.82,2.6,4,75.0
1346,4.8,53.7,9.76,3.6,4,62.4
1347,4.1,63.7,9.73,2.7,5,65.9
1348,4.3,99.0,5.72,0.6,4,71.4
1349,9.9,79.8,5.89,3.9,6,85.4
1350,1.4,85.5,9.31,1.2,7,63.6
1351,8.8,50.4,6.96,1.0,7,77.9
1352,6.2,75.9,5.02,5.0,5,59.0
1353,4.9,51.9,6.37,0.6,6,60.4
1354,7.5,78.5,7.99,6.3,6,72.1
1355,5.4,96.0,9.0,3.6,3,74.6
1356,8.9,98.4,5.67,6.4,4,82.4
1357,9.1,77.0,5.55,0.8,5,85.8
1358,4.8,72.9,9.61,4.0,7,68.7
1359,3.5,97.3,8.76,2.6,3,65.2
1360,6.3,83.7,7.95,5.6,6,72.1
1361,9.2,53.2,8.85,2.7,4,83.4
1362,2.9,73.3,7.14,2.1,7,50.7
1363,6.6,62.0,8.79,5.6,3,68.9
1364,6.7,73.5,6.86,2.7,6,67.1
1365,7.6,72.8,6.22,0.6,7,70.1
1366,2.2,79.1,8.65,2.8,7,49.7
1367,7.4,67.8,7.1,4.4,6,69.1
1368,9.2,58.2,9.91,2.0,6,93.8
1369,2.6,75.2,6.75,3.1,5,50.5
1370,3.1,91.5,9.61,0.8,7,69.9
1371,9.7,83.2,9.66,4.0,6,98.4
1372,2.6,66.9,6.21,5.0,3,43.2
1373,8.7,96.8,8.99,3.0,4,96.6
1374,5.4,95.6,7.17,3.0,5,74.1
1375,3.2,60.5,9.59,1.0,6,60.0
1376,8.8,52.0,7.25,1.7,4,77.3
1377,5.0,87.1,8.72,1.4,5,72.0
1378,5.6,91.4,7.33,3.4,7,73.1
1379,4.2,98.4,6.14,3.7,4,57.9
1380,6.3,94.5,6.0,6.2,5,62.8
1381,2.5,80.0,7.13,0.9,6,55.9
1382,4.5,76.5,8.78,4.1,6,63.9
1383,9.7,51.4,8.03,3.7,5,82.4
1384,3.3,62.3,8.44,3.6,7,53.2
1385,6.9,73.0,6.41,5.7,5,63.1
1386,3.9,81.4,7.41,1.7,3,64.9
1387,8.0,77.9,5.22,0.7,5,80.4
1388,2.2,87.1,9.09,4.5,5,50.3
1389,9.7,64.0,9.95,2.6,6,95.6
1390,5.1,78.2,7.03,0.6,7,67.9
1391,3.1,54.4,5.05,2.0,5,47.8
1392,1.7,70.7,5.85,2.4,4,40.5
1393,2.5,87.5,8.26,4.2,6,52.1
1394,5.7,84.7,8.06,1.5,6,77.0
1395,4.0,99.5,8.94,3.0,5,77.1
1396,8.5,63.9,6.27,3.4,4,68.8
1397,4.9,74.9,8.82,3.3,5,69.3
1398,3.2,66.5,8.44,6.3,4,50.4
1399,6.6,72.0,6.61,0.8,6,72.7
1400,7.4,92.8,7.73,6.2,4,81.8
1401,2.5,84.2,5.74,4.0,5,41.2
1402,2.5,94.1,7.26,5.3,3,55.2
1403,1.3,60.2,9.41,3.1,3,49.5
1404,7.6,93.7,7.11,3.2,4,84.6
1405,7.0,53.0,9.2,5.8,5,70.1
1406,5.3,94.4,7.95,5.9,7,67.6
1407,8.6,66.5,5.96,1.9,3,76.1
1408,8.3,65.7,7.91,1.7,6,79.7
1409,6.3,75.6,7.53,3.5,5,71.5
1410,8.8,97.0,6.99,5.9,5,82.3
1411,2.9,52.4,5.6,2.4,3,41.6
1412,2.0,67.6,7.08,4.4,7,41.1
1413,3.4,92.8,5.36,4.7,6,50.3
1414,1.5,69.8,5.49,5.2,7,36.8
1415,5.8,60.0,7.08,3.9,6,60.5
1416,9.4,71.2,6.53,2.9,3,85.8
1417,1.4,69.3,9.63,6.3,5,40.0
1418,2.1,95.8,6.88,4.2,6,53.3
1419,5.1,88.1,8.79,4.9,5,65.5
1420,9.4,75.3,7.65,2.6,4,91.0
1421,3.8,99.4,8.52,4.5,4,69.1
1422,5.6,73.3,6.3,2.0,3,60.7
1423,1.4,52.9,9.71,2.0,3,45.7
1424,2.3,63.1,7.65,4.8,3,41.6
1425,9.9,71.8,9.16,3.6,4,95.1
1426,9.7,57.8,6.83,4.6,6,75.3
1427,1.0,97.4,5.5,2.1,7,48.6
1428,9.6,88.3,8.37,4.1,3,89.4
1429,6.8,63.4,5.04,3.2,7,65.0
1430,8.8,79.5,7.38,4.1,7,85.3
1431,5.1,86.1,5.96,2.2,4,69.8
1432,5.6,97.1,8.14,4.8,6,71.4
1433,5.4,94.1,9.9,5.3,4,74.3
1434,7.0,75.8,7.32,2.1,3,75.1
1435,2.3,88.7,9.09,2.3,4,60.9
1436,1.3,78.1,7.54,4.5,4,42.3
1437,3.8,77.6,7.48,4.7,4,58.5
1438,7.3,55.7,9.65,4.7,3,70.5
1439,2.8,56.3,9.45,4.6,3,49.6
1440,7.1,76.5,8.93,2.9,4,80.0
1441,9.7,63.4,6.48,2.9,4,82.6
1442,1.8,51.1,7.73,2.0,7,39.9
1443,7.1,86.1,6.12,1.4,6,76.2
1444,5.0,51.6,7.22,4.7,7,52.8
1445,8.8,79.8,7.42,1.1,6,90.4
1446,2.6,77.0,9.16,6.1,6,50.7
1447,7.2,98.4,9.48,5.5,4,82.7
1448,8.5,74.2,7.07,5.6,7,75.2
1449,9.5,53.2,5.09,5.9,6,70.1
1450,7.1,77.6,9.31,3.0,6,74.6
1451,5.5,92.1,5.87,5.6,3,61.9
1452,6.6,99.8,8.11,1.4,6,88.0
1453,8.8,71.5,5.12,0.6,4,77.1
1454,6.1,66.0,7.0,5.2,5,58.6
1455,1.3,95.3,9.93,0.9,3,66.8
1456,9.4,59.6,5.5,6.4,5,67.5
1457,7.2,80.8,7.12,4.5,4,71.6
1458,7.1,70.3,6.54,5.0,5,67.0
1459,2.9,52.1,9.53,2.0,6,45.8
1460,6.9,67.4,9.35,4.5,5,68.3
1461,4.5,63.3,6.19,0.8,7,60.2
1462,6.9,84.3,5.41,5.5,4,64.3
1463,2.0,97.4,8.14,1.5,7,60.2
1464,6.9,63.4,6.68,4.7,5,62.2
1465,10.0,90.6,8.36,1.8,7,97.8
1466,1.4,52.8,5.16,0.9,3,40.1
1467,9.8,76.9,5.67,3.4,5,82.7
1468,4.7,53.5,8.43,1.5,7,65.0
1469,8.8,96.7,6.06,4.9,6,80.9
1470,8.0,88.3,9.29,1.9,5,90.6
1471,6.1,82.9,5.29,2.6,3,67.0
1472,7.6,91.2,6.08,3.9,6,77.4
1473,8.9,82.4,9.99,2.2,5,92.2
1474,4.6,98.4,7.17,2.8,6,68.4
1475,3.9,85.7,8.51,5.4,5,57.9
1476,7.0,96.2,5.91,1.6,5,82.9
1477,8.3,75.9,8.05,1.0,4,81.2
1478,7.9,55.9,8.63,2.5,7,78.9
1479,8.2,76.4,6.57,3.0,5,75.3
1480,4.9,56.3,9.14,3.8,3,57.8
1481,8.4,79.6,8.02,2.7,7,83.6
1482,2.1,74.1,6.95,5.2,4,47.1
1483,5.9,81.1,7.79,0.7,7,73.9
1484,1.1,50.5,7.88,3.1,7,32.7
1485,3.9,59.7,5.83,2.8,5,46.5
1486,4.3,74.6,7.01,4.4,3,56.5
1487,4.6,97.5,6.72,6.3,5,55.0
1488,7.3,69.2,7.0,3.6,3,73.2
1489,4.5,71.2,8.81,6.4,3,52.7
1490,5.0,85.7,7.41,2.3,6,66.9
1491,3.1,80.2,9.7,0.7,5,69.7
1492,4.4,64.9,6.47,1.5,4,56.4
1493,3.0,70.5,7.08,2.9,7,47.6
1494,1.7,60.9,8.93,2.4,6,48.5
1495,6.4,98.3,7.73,1.1,4,81.0
1496,7.0,56.5,7.74,3.1,5,72.6
1497,6.6,68.6,5.27,2.5,3,66.9
1498,5.2,51.3,6.99,1.2,5,61.5
1499,4.4,61.1,6.35,2.3,5,54.8
1500,8.8,89.0,10.0,5.8,6,88.4
1501,5.7,60.1,6.54,2.3,4,60.9
1502,5.3,54.0,9.42,4.8,6,56.2
1503,1.2,73.7,8.38,4.2,4,44.9
1504,4.1,50.5,6.7,3.1,6,47.2
1505,4.4,54.2,7.72,1.9,7,57.4
1506,4.6,90.4,9.2,2.7,3,72.5
1507,6.2,88.6,9.42,4.1,3,76.2
1508,5.8,95.8,5.8,2.6,3,72.7
1509,6.5,92.7,6.7,1.8,7,73.6
1510,7.9,84.2,6.68,1.2,7,80.9
1511,8.3,52.6,5.21,5.8,3,60.3
1512,7.5,89.1,7.99,3.1,3,85.5
1513,9.6,92.3,9.27,4.3,4,95.0
1514,1.2,90.0,6.91,3.4,4,46.9
1515,2.8,75.4,8.7,5.7,5,53.9
1516,1.1,61.6,8.14,3.8,6,39.2
1517,6.8,92.3,6.88,3.4,4,78.2
1518,9.1,86.4,5.71,6.0,4,77.7
1519,3.2,99.0,8.55,4.8,4,65.5
1520,9.3,57.8,9.27,1.2,4,88.1
1521,1.5,61.3,8.43,1.6,7,47.1
1522,9.4,60.6,5.09,5.2,5,70.5
1523,4.2,89.6,6.08,5.5,4,54.9
1524,1.9,59.3,5.35,3.8,6,38.0
1525,5.4,53.3,7.85,3.8,4,58.3
1526,3.3,99.9,8.78,4.3,7,61.0
1527,3.6,51.2,5.55,3.1,3,47.9
1528,3.8,91.8,9.19,4.6,3,70.7
1529,8.2,68.3,7.78,1.2,5,77.7
1530,5.9,92.1,8.45,6.3,3,71.3
1531,3.8,77.7,9.86,5.0,4,64.1
1532,6.5,95.1,5.42,4.3,7,69.4
1533,7.4,96.3,9.51,2.4,5,94.3
1534,3.5,50.5,5.63,1.5,4,42.5
1535,4.7,53.8,6.96,3.0,3,52.8
1536,2.1,62.5,9.26,4.5,6,48.4
1537,2.6,83.5,9.53,4.3,4,60.8
1538,7.1,94.4,7.53,2.8,6,84.4
1539,2.6,73.0,7.97,4.2,6,46.8
1540,5.7,80.3,8.54,5.4,5,62.1
1541,7.4,59.4,9.16,0.7,7,83.2
1542,2.0,90.2,5.61,3.2,3,47.8
1543,6.1,98.4,9.05,5.1,3,77.5
1544,3.3,63.4,7.41,3.8,4,52.6
1545,9.7,74.7,7.25,4.4,3,81.4
1546,5.4,54.3,7.12,3.6,5,56.7
1547,8.3,78.0,7.55,6.5,3,76.1
1548,6.0,75.1,9.73,0.8,4,77.3
1549,1.4,57.2,7.74,3.4,3,39.0
1550,6.7,72.1,9.77,1.0,7,82.8
1551,9.6,66.7,5.9,1.5,6,84.3
1552,6.4,76.1,8.62,2.8,6,70.8
1553,8.4,79.3,9.06,1.4,6,92.2
1554,9.0,50.4,8.4,6.3,7,74.0
1555,3.1,88.1,8.03,6.2,5,51.1
1556,2.9,85.7,7.82,2.5,4,65.4
1557,6.5,68.3,9.3,4.3,7,69.4
1558,4.7,52.6,9.11,3.7,4,61.4
1559,8.6,87.7,5.61,5.4,5,76.2
1560,9.1,97.8,9.24,4.3,7,92.7
1561,4.2,62.0,7.07,0.5,3,60.1
1562,3.1,66.2,6.27,5.1,5,45.6
1563,8.0,59.2,9.35,5.0,6,84.4
1564,3.5,78.8,7.16,3.6,7,51.1
1565,8.4,57.7,9.04,5.9,5,66.5
1566,4.8,67.8,6.32,6.0,5,48.3
1567,7.0,84.9,5.02,3.6,7,68.2
1568,1.9,78.0,7.48,4.1,6,49.1
1569,6.6,69.3,5.5,6.5,6,57.6
1570,5.1,71.0,8.77,2.3,5,68.1
1571,6.3,78.1,6.38,2.4,4,73.9
1572,2.5,50.3,7.22,1.6,5,43.7
1573,7.6,53.9,5.44,5.9,7,63.7
1574,8.8,94.1,6.43,5.0,7,83.4
1575,3.0,53.9,8.91,1.1,7,60.2
1576,1.9,85.3,5.76,6.4,6,36.7
1577,1.2,96.0,8.24,4.9,3,48.7
1578,6.8,63.5,9.59,5.6,7,66.2
1579,6.5,68.5,8.4,0.8,7,77.6
1580,5.9,78.4,9.06,3.5,4,74.2
1581,3.1,94.1,5.54,4.7,4,57.0
1582,4.5,97.1,6.25,3.8,5,63.0
1583,6.4,87.0,9.47,4.5,5,73.0
1584,5.5,54.3,8.58,5.4,5,61.6
1585,9.9,83.5,8.2,2.7,7,91.0
1586,2.2,70.5,8.32,5.6,4,42.1
1587,7.3,73.5,7.07,1.5,5,78.9
1588,4.6,52.5,5.22,2.1,4,47.9
1589,4.9,59.6,8.92,0.8,7,65.7
1590,7.5,89.5,8.39,2.7,7,88.3
1591,7.2,72.7,7.36,2.8,5,75.8
1592,9.9,65.1,9.5,5.3,7,88.7
1593,2.2,69.2,6.68,4.4,7,38.9
1594,1.9,92.7,6.47,3.1,4,52.6
1595,7.5,87.4,9.36,4.4,3,82.2
1596,6.2,63.6,8.98,0.8,6,74.1
1597,3.5,55.9,7.57,1.6,5,55.0
1598,1.7,62.6,5.65,4.3,3,35.7
1599,1.8,96.0,6.08,4.3,5,43.1
1600,9.0,79.1,8.28,5.1,3,86.2
1601,2.7,76.7,6.93,2.9,7,54.6
1602,3.9,79.8,9.18,4.8,5,59.6
1603,3.0,68.3,9.75,4.6,3,57.4
1604,4.2,90.4,9.03,6.3,6,65.4
1605,1.6,76.2,6.89,1.8,7,42.3
1606,5.7,55.8,8.94,3.8,5,62.9
1607,1.6,56.5,6.76,4.1,5,30.5
1608,8.2,76.8,5.84,6.5,3,70.5
1609,3.1,96.8,5.17,1.7,5,58.0
1610,5.9,65.4,6.93,3.6,7,60.7
1611,8.9,93.5,9.52,2.6,4,95.5
1612,6.9,88.2,6.19,3.7,3,71.0
1613,5.8,62.4,6.03,1.9,6,55.9
1614,3.9,51.8,9.85,0.8,5,66.9
1615,4.0,55.1,5.13,3.9,7,44.9
1616,7.0,86.4,8.93,2.5,5,82.3
1617,9.9,60.0,6.61,1.6,6,83.7
1618,7.0,68.6,5.19,2.4,7,68.5
1619,6.0,75.1,9.59,0.8,6,74.9
1620,7.6,86.3,5.7,6.2,7,66.0
1621,5.2,55.7,7.76,4.0,4,58.6
1622,1.5,70.3,6.37,5.4,7,40.2
1623,6.1,74.3,5.33,3.0,6,55.5
1624,9.6,77.0,5.25,5.9,3,78.0
1625,2.6,90.9,5.58,3.4,4,48.1
1626,7.2,58.6,5.36,3.9,5,61.0
1627,2.8,90.4,8.8,3.5,4,60.6
1628,5.8,84.6,7.43,4.9,4,63.6
1629,1.9,77.8,6.71,3.9,5,41.4
1630,5.1,85.0,7.09,2.1,7,68.7
1631,7.8,70.6,9.64,1.4,4,92.0
1632,4.1,56.9,9.55,4.1,4,55.2
1633,7.0,83.3,8.58,3.4,3,76.1
1634,8.2,76.2,9.42,1.1,3,86.2
1635,9.3,82.0,6.6,2.9,6,84.4
1636,3.1,66.9,6.91,3.6,5,46.2
1637,4.6,95.3,8.07,5.5,7,61.9
1638,2.4,79.4,8.12,1.0,7,58.8
1639,9.9,54.3,7.41,2.6,6,78.5
1640,9.3,72.5,7.0,5.4,7,83.3
1641,5.9,87.8,9.93,4.4,7,73.3
1642,8.6,89.7,9.11,2.2,3,96.2
1643,5.7,74.7,7.17,5.6,7,67.1
1644,6.6,94.7,8.64,3.5,7,83.9
1645,1.8,63.4,6.35,3.5,6,43.3
1646,7.8,70.5,5.5,6.4,6,66.2
1647,2.1,94.9,6.76,6.2,4,47.5
1648,8.4,94.8,7.01,2.7,7,89.6
1649,8.0,84.3,5.08,1.3,7,77.1
1650,7.4,92.9,9.07,2.5,7,89.7
1651,1.3,54.4,6.8,0.7,3,45.1
1652,3.7,93.2,7.9,0.6,7,70.5
1653,3.4,66.0,5.37,2.9,3,46.3
1654,4.2,58.9,5.87,6.1,4,45.5
1655,1.8,62.0,9.45,5.7,5,43.4
1656,9.4,70.9,8.04,3.6,7,83.6
1657,6.0,62.6,9.75,3.9,6,72.6
1658,3.7,66.0,9.99,0.5,6,67.7
1659,4.6,56.7,6.86,1.8,7,59.3
1660,5.0,64.8,6.49,0.6,3,63.2
1661,6.4,78.6,9.29,5.0,6,75.0
1662,5.6,72.1,9.99,1.4,6,81.0
1663,9.3,67.3,8.15,5.7,4,79.3
1664,5.5,87.3,8.98,4.4,4,70.6
1665,9.9,94.7,8.91,1.9,4,100.0
1666,8.7,87.8,6.78,1.4,6,79.6
1667,2.9,66.6,7.87,4.3,6,51.6
1668,9.4,87.2,9.17,5.9,7,86.3
1669,2.0,57.6,8.44,4.8,7,48.0
1670,8.4,56.5,5.11,2.6,3,71.4
1671,4.4,67.3,6.68,4.0,6,57.0
1672,8.9,90.4,5.72,2.4,7,86.8
1673,8.8,62.3,6.16,6.5,7,66.8
1674,8.3,53.2,9.53,5.0,4,75.3
1675,8.1,56.6,5.18,4.2,4,59.5
1676,3.7,92.9,6.1,3.0,4,63.2
1677,1.7,81.7,6.55,4.2,5,40.4
1678,4.6,62.7,8.08,2.5,7,61.0
1679,2.6,77.8,7.67,0.7,4,61.6
1680,7.3,76.4,6.09,2.9,4,76.5
1681,4.1,82.8,5.82,6.1,6,49.8
1682,9.8,61.7,6.18,4.3,4,72.3
1683,6.8,93.2,7.51,1.0,6,83.2
1684,8.4,65.5,6.36,5.8,3,70.1
1685,2.2,84.7,9.74,2.1,4,62.7
1686,8.8,50.8,7.32,2.0,6,76.3
1687,9.3,68.6,5.29,2.3,4,77.9
1688,5.4,67.6,8.65,4.0,3,63.1
1689,6.5,77.2,6.64,3.8,4,68.5
1690,7.9,53.6,8.27,3.4,6,76.0
1691,2.6,89.5,6.4,4.8,3,50.2
1692,5.5,60.9,7.85,2.4,3,64.4
1693,4.6,83.9,8.86,5.2,3,67.7
1694,2.3,90.2,9.64,1.6,5,65.0
1695,4.3,78.1,6.31,5.2,6,53.6
1696,1.6,87.0,6.67,4.5,5,45.3
1697,1.2,83.1,7.32,4.6,3,40.1
1698,2.2,67.8,9.64,3.4,5,50.2
1699,9.7,90.4,9.51,4.5,4,94.8
1700,5.9,64.7,5.45,1.0,5,61.0
1701,9.7,78.6,5.66,5.6,7,77.7
1702,4.9,87.3,7.48,0.8,3,74.1
1703,3.8,68.9,5.53,1.4,3,55.6
1704,5.6,65.1,6.73,4.0,6,60.9
1705,5.0,73.0,5.74,4.9,4,56.9
1706,2.0,90.9,8.18,1.0,6,62.9
1707,6.8,96.5,9.75,6.0,5,83.2
1708,2.9,77.3,9.98,6.3,7,57.9
1709,6.6,83.1,6.88,4.1,7,66.8
1710,6.9,95.2,8.0,3.4,7,74.6
1711,2.4,54.9,9.28,4.9,7,44.2
1712,1.6,61.6,5.59,2.5,4,36.9
1713,8.0,85.4,8.45,3.5,5,86.8
1714,5.1,91.2,7.04,6.0,7,61.7
1715,1.5,92.9,6.03,6.2,3,39.6
1716,10.0,70.8,7.01,6.1,5,80.6
1717,1.5,54.5,5.38,2.1,4,37.4
1718,7.3,71.9,8.48,1.9,7,82.0
1719,9.9,61.5,6.26,2.3,4,80.9
1720,3.2,64.6,6.56,3.1,7,46.0
1721,2.3,88.6,5.61,2.4,3,47.8
1722,2.1,53.8,9.32,2.7,5,49.6
1723,3.7,91.4,7.47,4.2,3,56.8
1724,1.9,71.4,7.86,5.1,7,47.1
1725,7.2,79.8,7.85,4.9,6,70.6
1726,1.6,54.5,7.05,5.4,5,30.0
1727,5.6,66.9,5.96,0.7,4,65.0
1728,10.0,54.5,8.73,0.8,7,90.1
1729,8.3,98.1,5.64,5.2,3,78.9
1730,6.5,90.4,5.52,3.7,6,67.3
1731,3.8,73.0,8.55,4.0,7,59.8
1732,6.6,61.2,6.04,0.8,4,70.9
1733,5.7,96.7,6.53,2.0,3,71.2
1734,4.8,67.2,7.38,4.3,5,59.2
1735,2.2,58.0,7.25,5.7,6,44.1
1736,9.0,78.2,8.54,6.0,7,84.4
1737,5.0,97.2,8.12,3.5,7,69.1
1738,2.8,50.2,8.22,3.8,7,47.1
1739,4.3,61.9,8.57,5.5,7,50.9
1740,4.7,96.9,6.46,3.7,3,61.1
1741,8.4,58.6,6.61,3.6,5,76.7
1742,7.6,55.7,7.19,5.9,4,65.7
1743,7.9,78.5,6.54,5.2,6,76.9
1744,1.1,93.1,9.92,6.0,7,52.5
1745,4.7,73.9,9.07,1.8,7,67.6
1746,5.3,99.7,5.82,3.6,5,66.8
1747,1.2,84.0,5.03,5.6,5,35.9
1748,3.3,53.7,5.21,1.2,3,52.5
1749,7.8,99.6,6.22,5.3,3,79.0
1750,2.2,70.4,5.57,1.6,3,43.4
1751,5.8,64.4,7.67,5.3,6,60.1
1752,2.9,77.9,9.29,4.2,3,58.8
1753,1.1,65.2,8.68,1.7,7,44.4
1754,3.2,54.3,6.08,3.3,3,43.9
1755,9.8,50.1,7.0,4.6,6,75.2
1756,8.2,72.5,7.54,4.3,3,78.2
1757,9.6,91.8,9.05,3.1,3,96.2
1758,5.4,78.6,9.2,5.9,7,62.2
1759,2.0,100.0,9.55,3.6,7,61.3
1760,5.9,64.3,7.55,3.5,7,66.7
1761,5.1,64.0,8.47,0.9,3,72.6
1762,8.6,58.0,5.56,6.0,7,68.0
1763,1.9,58.2,7.83,1.6,5,42.5
1764,5.4,64.3,6.24,3.7,4,53.6
1765,2.4,89.6,7.16,5.3,4,46.6
1766,3.9,95.3,8.17,1.8,7,73.5
1767,7.6,98.8,6.28,3.7,6,80.6
1768,5.3,61.6,5.26,1.9,7,64.9
1769,4.4,94.1,5.05,5.1,7,59.0
1770,4.6,66.4,5.11,3.9,3,50.7
1771,5.1,55.6,5.04,5.6,6,44.7
1772,8.1,93.5,5.55,5.9,7,74.5
1773,9.0,81.8,6.2,4.4,5,81.9
1774,9.6,58.2,6.11,4.9,4,77.6
1775,8.1,71.5,9.93,3.8,5,83.3
1776,3.8,64.4,6.53,2.8,5,58.9
1777,7.2,86.8,5.64,4.4,5,70.0
1778,4.9,72.7,7.73,5.9,6,61.2
1779,3.3,99.5,9.29,3.0,6,69.2
1780,8.6,52.7,8.39,2.4,6,78.1
1781,1.3,67.8,6.48,2.8,4,34.8
1782,9.1,74.1,7.81,3.1,3,81.2
1783,5.2,75.2,8.57,0.9,7,76.0
1784,6.7,65.8,8.64,3.5,7,74.4
1785,6.9,86.5,8.33,3.5,3,80.2
1786,9.1,93.7,9.35,4.0,7,98.3
1787,6.7,96.9,9.35,2.7,5,82.3
1788,6.5,90.3,7.89,4.2,4,73.4
1789,1.6,92.5,7.15,5.8,7,44.4
1790,5.7,77.5,8.21,6.2,4,60.0
1791,2.4,91.3,9.09,4.0,3,56.3
1792,7.6,65.2,5.03,0.8,7,67.8
1793,5.6,69.9,9.96,6.3,4,61.5
1794,7.1,65.8,5.91,4.7,5,60.9
1795,1.4,73.4,7.35,2.5,5,45.9
1796,1.8,64.3,9.36,1.4,3,58.9
1797,7.4,98.1,6.13,1.4,6,79.0
1798,1.6,65.6,7.38,1.5,7,50.0
1799,1.6,54.9,5.66,0.8,5,40.5
1800,1.1,76.3,6.98,5.9,5,38.8
1801,9.6,52.9,5.89,3.7,3,74.6
1802,7.6,55.5,6.82,4.7,5,60.1
1803,4.2,61.0,6.87,5.5,7,45.8
1804,3.7,73.2,9.97,5.2,3,61.7
1805,4.1,71.7,9.97,5.8,4,60.5
1806,8.0,90.0,5.57,6.3,3,66.2
1807,7.0,87.0,8.63,3.1,7,80.1
1808,2.7,71.3,5.26,6.2,7,40.0
1809,2.6,66.7,5.15,4.8,4,35.1
1810,1.9,65.8,5.53,0.9,3,42.8
1811,6.9,88.7,9.83,4.6,7,86.0
1812,7.9,52.6,9.7,4.6,7,76.9
1813,3.4,50.6,5.97,5.9,4,43.0
1814,1.2,89.8,5.81,2.7,6,43.8
1815,1.7,73.9,6.2,4.0,3,44.5
1816,9.7,56.5,7.58,0.6,7,83.9
1817,3.7,61.8,7.85,2.5,5,58.1
1818,7.9,96.6,6.11,0.9,4,82.9
1819,6.6,93.0,8.78,3.6,6,81.4
1820,4.4,85.5,6.55,5.4,6,58.0
1821,2.9,74.1,9.61,1.7,4,64.2
1822,2.1,76.0,8.28,3.7,6,47.7
1823,6.5,98.8,7.18,1.7,7,81.2
1824,8.0,98.3,8.95,1.2,6,94.0
1825,6.8,60.8,9.09,3.6,3,76.1
1826,5.8,90.6,6.45,1.0,5,71.6
1827,1.4,59.9,6.7,4.0,7,33.2
1828,9.7,60.7,9.68,0.7,4,89.4
1829,8.2,83.8,5.82,1.1,5,80.5
1830,3.6,70.3,5.21,3.8,7,45.8
1831,9.8,96.6,7.27,4.0,5,90.9
1832,6.4,54.5,9.01,0.7,6,73.1
1833,6.2,75.6,8.86,3.9,4,76.6
1834,7.7,95.9,9.6,5.5,4,84.6
1835,8.3,95.2,7.67,4.8,3,86.9
1836,6.9,57.8,5.5,1.3,6,66.9
1837,2.2,68.3,7.94,4.1,3,44.4
1838,4.0,81.0,8.89,4.5,3,62.0
1839,9.4,58.0,5.47,0.7,6,84.0
1840,3.0,98.4,5.86,5.6,7,53.9
1841,4.3,95.7,5.06,5.9,3,57.2
1842,4.9,58.3,7.97,5.6,5,56.2
1843,5.0,56.1,9.43,5.4,7,57.9
1844,6.5,54.3,8.35,5.0,6,68.8
1845,9.5,95.5,9.91,4.3,4,99.0
1846,3.2,59.7,5.32,4.6,7,43.5
1847,2.1,70.8,9.52,5.3,3,50.0
1848,2.8,72.4,9.07,4.5,5,50.8
1849,9.0,80.0,6.57,2.5,6,84.9
1850,6.8,53.6,9.87,2.8,4,79.2
1851,3.6,61.3,6.44,5.9,5,46.3
1852,8.3,96.6,9.45,0.6,4,99.3
1853,8.8,95.4,9.4,4.7,6,88.8
1854,8.6,89.1,8.79,6.2,7,88.3
1855,9.3,51.0,7.82,4.7,3,79.9
1856,3.3,66.4,5.6,6.5,6,34.9
1857,7.8,81.4,7.66,4.6,5,80.0
1858,5.1,63.8,6.78,0.7,7,62.8
1859,8.6,95.5,8.96,5.5,4,88.4
1860,7.6,81.7,8.79,2.2,7,82.0
1861,8.0,53.6,9.55,3.2,7,78.7
1862,6.9,95.5,5.07,2.4,5,70.3
1863,2.6,97.9,9.05,2.1,3,62.9
1864,5.9,53.9,9.69,3.1,7,70.1
1865,9.9,76.6,8.95,2.8,7,91.5
1866,9.4,65.2,5.65,4.3,3,76.2
1867,1.4,69.6,5.41,5.4,3,33.6
1868,2.5,59.0,5.1,2.3,4,48.0
1869,2.2,78.9,8.14,1.8,4,53.5
1870,7.5,97.9,8.15,4.5,3,81.3
1871,8.4,75.2,9.93,4.5,6,83.2
1872,2.9,54.1,6.99,5.9,3,44.2
1873,5.6,81.0,6.66,0.6,4,71.4
1874,8.6,67.0,8.12,5.6,5,75.8
1875,7.6,92.8,9.13,3.6,5,88.3
1876,5.9,71.7,9.68,4.2,7,69.0
1877,6.3,59.6,9.02,1.0,5,70.4
1878,5.6,59.6,7.13,3.1,4,61.9
1879,3.7,88.4,8.17,1.9,5,66.2
1880,6.1,63.3,9.28,2.0,6,71.1
1881,7.2,88.4,7.45,3.5,3,78.9
1882,8.9,60.3,6.08,5.4,3,75.6
1883,6.7,66.1,5.85,5.0,4,62.2
1884,7.9,73.3,5.0,4.0,7,62.5
1885,2.4,97.2,8.59,3.7,3,63.8
1886,5.2,96.6,5.56,3.1,5,71.4
1887,1.1,60.3,6.22,6.3,6,31.2
1888,3.2,67.9,6.49,3.9,7,48.6
1889,7.5,57.5,7.8,2.0,7,69.5
1890,9.9,75.5,6.99,1.9,7,86.7
1891,1.9,73.0,8.37,4.2,3,47.2
1892,4.6,95.0,5.28,3.6,7,57.9
1893,8.2,96.5,5.62,0.5,4,84.3
1894,2.8,69.2,7.5,5.5,5,46.6
1895,6.0,74.6,6.68,4.7,6,61.0
1896,7.6,94.8,6.48,4.5,5,81.4
1897,6.5,90.3,5.34,0.9,4,74.0
1898,2.7,50.2,9.48,2.7,4,53.1
1899,4.2,66.0,8.46,6.1,5,55.5
1900,8.1,71.1,5.61,5.7,3,68.4
1901,6.0,61.5,5.33,2.2,4,60.2
1902,1.0,60.0,9.87,1.4,7,52.8
1903,7.8,51.9,8.41,3.2,6,77.0
1904,1.3,82.2,7.09,2.6,6,41.0
1905,7.7,63.1,8.51,4.6,4,69.4
1906,2.8,52.6,8.78,6.3,7,41.9
1907,9.6,61.5,8.9,2.7,5,84.4
1908,4.3,90.1,7.39,0.9,6,66.7
1909,3.9,92.6,7.15,5.9,7,55.6
1910,2.3,74.2,5.06,0.7,7,46.8
1911,3.8,70.8,9.63,6.2,3,52.3
1912,8.9,98.9,8.02,4.5,4,88.0
1913,10.0,60.0,6.02,6.2,7,77.9
1914,4.3,60.8,9.6,1.7,5,64.4
1915,5.0,64.6,9.57,0.7,6,73.5
1916,7.5,58.6,9.95,3.4,3,77.9
1917,9.0,69.0,9.37,3.2,5,87.8
1918,6.3,95.5,9.99,2.5,6,84.8
1919,4.5,80.8,6.22,6.2,4,55.2
1920,4.7,70.6,9.21,5.4,5,59.0
1921,7.3,96.7,9.12,4.5,6,84.4
1922,1.0,52.4,6.15,1.5,3,34.4
1923,6.6,60.5,5.49,4.9,6,59.8
1924,4.2,78.3,9.9,4.9,7,61.1
1925,8.1,80.8,6.48,3.1,3,79.9
1926,1.8,52.0,9.35,6.0,5,41.3
1927,6.3,70.2,5.02,1.5,4,60.8
1928,5.3,82.5,5.11,2.1,3,67.6
1929,6.8,84.9,7.33,0.9,3,81.3
1930,1.6,81.9,6.19,5.3,3,37.3
1931,6.2,66.0,8.45,4.2,6,68.2
1932,6.1,54.7,7.83,2.4,7,60.7
1933,6.0,71.4,5.39,1.5,4,59.4
1934,6.4,56.4,5.81,0.7,4,68.5
1935,7.1,97.4,6.94,1.5,7,78.9
1936,8.2,73.8,5.93,3.2,6,76.9
1937,3.4,65.9,8.96,2.0,6,63.2
1938,8.4,88.3,7.08,2.1,7,82.6
1939,5.5,74.9,5.47,5.8,7,61.0
1940,1.7,65.5,7.42,3.6,5,43.5
1941,1.5,90.6,5.45,4.9,6,41.4
1942,4.0,93.4,5.64,0.7,3,60.5
1943,8.1,83.7,6.2,2.7,4,75.9
1944,7.4,52.3,9.3,3.4,6,67.2
1945,8.1,78.3,9.62,1.6,7,87.3
1946,5.7,88.2,9.13,1.2,3,83.4
1947,5.0,56.8,6.67,5.7,5,47.6
1948,2.3,61.4,6.36,6.1,5,34.0
1949,4.0,94.1,7.75,1.0,3,65.6
1950,4.9,51.0,8.61,2.6,3,56.3
1951,1.8,87.6,9.97,6.2,7,55.5
1952,3.0,73.7,5.66,1.0,7,48.4
1953,6.4,72.3,5.25,4.4,4,60.2
1954,7.6,50.4,8.47,6.3,4,64.9
1955,10.0,91.0,9.16,6.4,5,94.8
1956,9.4,68.0,9.23,3.3,3,86.0
1957,6.8,77.0,8.39,1.5,5,78.0
1958,4.8,83.9,9.77,1.7,7,71.8
1959,6.7,85.1,7.56,5.8,6,68.2
1960,8.1,97.8,9.57,6.0,7,83.8
1961,2.1,76.6,9.84,4.1,6,54.4
1962,4.7,70.0,9.24,5.1,3,66.8
1963,8.6,97.7,6.55,4.9,3,81.5
1964,4.5,82.1,5.98,4.5,3,59.6
1965,6.1,64.9,7.74,5.5,4,65.0
1966,6.3,56.3,7.27,4.6,4,60.9
1967,2.7,92.1,9.39,3.7,6,64.8
1968,4.3,68.1,5.5,1.9,5,55.3
1969,4.0,83.0,6.29,5.0,5,49.5
1970,1.2,73.5,8.76,3.3,6,47.6
1971,1.2,59.9,5.47,2.3,4,36.4
1972,8.5,80.1,6.6,5.3,7,81.0
1973,3.5,53.0,6.94,4.7,6,42.0
1974,5.7,70.7,8.11,6.1,5,63.2
1975,3.7,77.3,5.79,1.5,6,52.4
1976,9.5,71.8,9.3,4.4,6,92.8
1977,3.3,87.4,7.24,2.0,3,64.1
1978,4.9,91.4,9.59,5.9,4,65.3
1979,8.9,88.6,7.34,1.1,3,96.1
1980,8.6,51.9,6.38,4.4,4,72.1
1981,2.7,59.7,5.71,5.2,6,41.9
1982,8.2,76.8,5.02,2.6,4,78.6
1983,5.1,96.7,7.66,6.2,5,68.5
1984,5.3,91.7,5.54,5.6,3,58.4
1985,2.2,92.1,6.96,2.3,6,59.4
1986,1.7,65.2,7.95,0.5,5,48.2
1987,7.6,71.5,6.38,2.3,4,71.7
1988,5.5,73.5,5.88,2.2,4,61.4
1989,4.9,57.9,8.87,5.8,5,57.9
1990,7.6,51.6,9.73,6.3,4,67.3
1991,7.9,97.3,5.5,0.9,3,79.8
1992,2.4,62.0,5.78,3.3,7,38.6
1993,6.5,62.0,9.8,3.8,4,71.8
1994,2.2,54.2,5.19,1.1,6,40.8
1995,7.8,96.4,9.89,2.8,4,89.7
1996,6.9,79.0,5.02,2.4,6,64.8
1997,9.6,83.4,9.37,3.7,4,94.9
1998,1.6,95.6,6.54,4.5,4,52.7
1999,1.5,67.3,9.69,4.7,6,46.1
2000,3.5,81.1,6.58,1.3,3,61.6
2001,3.4,51.9,8.27,5.4,7,46.6
2002,3.2,59.3,5.4,4.6,7,42.7
2003,9.2,91.6,6.21,5.8,3,83.0
2004,3.2,88.3,8.87,3.2,4,62.7
2005,3.4,67.5,7.64,5.9,7,45.4
2006,7.8,68.8,9.64,5.7,3,73.5
2007,5.0,76.7,7.14,3.1,3,66.7
2008,8.0,50.0,9.35,2.8,7,79.3
2009,1.6,62.1,7.24,6.1,6,39.1
2010,5.4,60.4,9.9,4.8,5,67.2
2011,1.3,62.5,9.8,6.1,6,45.7
2012,1.6,90.3,6.65,5.3,4,45.1
2013,9.2,64.0,9.43,4.2,6,80.5
2014,2.3,59.6,9.24,1.2,5,55.5
2015,5.8,75.2,6.05,2.2,5,70.7
2016,4.7,93.3,8.12,6.3,3,64.3
2017,4.1,62.1,5.36,2.4,4,46.7
2018,9.1,53.9,9.18,1.1,3,89.2
2019,1.2,67.8,5.87,4.7,6,41.1
2020,7.0,87.4,5.35,4.9,6,65.8
2021,9.7,77.5,7.0,2.2,7,89.3
2022,6.0,90.8,7.88,2.3,3,77.7
2023,9.4,98.0,9.27,3.3,3,98.2
2024,1.5,89.6,9.87,0.6,3,65.2
2025,4.8,80.2,7.2,5.2,3,58.0
2026,3.3,74.7,5.3,2.4,5,51.9
2027,7.6,52.0,8.75,5.6,7,72.2
2028,9.8,99.2,7.83,5.3,4,90.9
2029,3.3,69.2,7.24,4.5,4,52.4
2030,6.9,57.6,6.55,2.4,4,65.5
2031,2.8,83.3,7.51,3.6,5,50.2
2032,6.1,64.2,6.69,3.2,7,59.3
2033,5.2,79.3,8.79,2.5,7,72.5
2034,9.7,79.3,7.72,5.6,5,78.6
2035,6.5,72.3,9.38,3.4,3,75.8
2036,4.1,91.8,7.72,5.5,6,57.8
2037,2.0,63.2,6.19,1.1,3,38.7
2038,2.4,72.4,9.26,1.3,4,60.9
2039,3.0,76.9,7.79,6.4,3,44.4
2040,3.3,83.2,6.03,4.0,5,58.5
2041,8.7,89.2,8.12,3.6,4,92.3
2042,6.1,69.7,6.79,3.6,6,64.4
2043,5.7,82.3,9.22,1.8,4,71.2
2044,2.0,57.5,7.27,4.8,3,40.3
2045,8.7,96.6,8.63,1.0,7,100.0
2046,7.5,69.2,5.48,3.9,7,70.1
2047,1.6,86.5,6.98,3.9,7,50.5
2048,7.4,51.0,9.92,6.0,4,74.7
2049,5.9,60.3,9.04,3.7,7,63.5
2050,1.7,74.4,5.8,1.3,5,48.9
2051,5.1,93.9,6.39,3.9,6,70.9
2052,5.4,76.4,6.65,1.0,7,66.0
2053,2.5,96.5,8.25,1.7,5,61.6
2054,9.5,74.2,8.78,0.7,5,99.4
2055,8.6,74.5,8.75,3.6,4,88.6
2056,7.0,56.0,7.55,1.0,4,69.8
2057,5.2,90.1,9.05,3.3,6,69.7
2058,4.7,62.3,7.19,6.1,6,51.2
2059,6.9,95.0,5.62,4.8,3,65.8
2060,5.9,95.5,7.82,1.0,6,77.0
2061,1.6,97.2,9.76,1.8,4,60.8
2062,5.6,76.0,8.96,4.5,5,72.1
2063,8.3,83.9,7.89,5.9,3,82.7
2064,5.1,88.9,8.23,0.7,6,78.8
2065,1.5,56.6,9.65,5.4,5,40.2
2066,8.1,80.0,7.14,3.9,4,77.9
2067,2.8,51.7,6.66,3.8,7,40.5
2068,3.3,74.9,9.89,6.2,3,56.9
2069,2.5,57.7,9.32,5.0,5,50.0
2070,4.0,59.1,6.62,5.6,4,45.0
2071,7.8,68.3,7.32,2.6,4,73.2
2072,5.7,71.6,7.08,3.8,3,68.3
2073,2.8,81.2,5.75,4.2,3,50.4
2074,8.9,53.7,9.79,2.4,6,86.2
2075,8.9,75.2,7.02,3.9,6,77.1
2076,8.8,59.1,9.38,1.9,3,88.7
2077,3.1,78.7,5.95,1.4,3,53.7
2078,5.1,81.9,7.74,2.7,5,61.2
2079,9.9,77.8,5.12,4.9,6,76.8
2080,7.9,86.9,8.82,6.0,4,81.4
2081,1.2,66.8,7.9,3.2,6,42.7
2082,1.6,88.3,8.13,4.4,6,51.6
2083,5.2,71.6,5.26,1.1,3,62.5
2084,9.2,74.2,6.06,5.9,3,71.4
2085,5.8,82.4,5.37,3.9,6,64.1
2086,5.5,50.9,6.44,5.2,7,54.0
2087,1.9,82.7,8.14,5.3,7,48.0
2088,6.9,80.9,7.83,2.0,6,78.3
2089,8.4,65.5,8.06,3.7,7,78.5
2090,4.4,54.3,7.75,6.3,6,53.5
2091,8.0,54.5,6.37,1.0,3,74.6
2092,9.7,96.2,6.22,4.6,3,87.2
2093,2.8,84.5,5.69,6.3,3,45.2
2094,5.7,56.4,9.25,2.3,4,69.9
2095,3.6,67.8,8.08,5.7,3,50.9
2096,8.1,79.6,5.93,6.1,3,66.0
2097,6.2,91.8,5.89,5.0,6,66.5
2098,6.7,52.2,9.37,1.9,7,75.2
2099,8.2,61.8,8.71,2.5,7,81.5
2100,4.6,94.5,8.3,0.7,3,73.4
2101,9.2,50.5,7.03,5.5,3,70.7
2102,5.8,60.1,6.31,5.6,3,57.7
2103,2.4,98.0,9.9,4.3,6,57.4
2104,7.3,80.7,8.99,2.6,6,80.2
2105,8.1,63.1,6.51,1.0,6,77.4
2106,3.9,53.3,9.24,5.0,7,56.3
2107,8.7,51.4,8.79,4.9,4,80.9
2108,9.2,62.2,6.49,6.0,7,74.8
2109,3.5,94.1,7.13,4.9,6,55.5
2110,9.9,70.8,5.93,5.5,5,72.2
2111,2.3,86.0,5.56,5.0,4,49.6
2112,2.8,95.9,8.61,4.3,3,57.5
2113,2.7,70.4,6.34,3.1,7,47.9
2114,9.0,59.6,9.1,5.9,4,78.0
2115,6.9,75.9,9.98,4.4,5,78.2
2116,2.4,95.4,5.38,2.9,4,47.5
2117,5.0,90.2,7.37,1.0,7,77.6
2118,6.5,53.3,9.01,2.2,6,68.5
2119,1.8,84.6,8.94,3.8,3,54.1
2120,8.9,78.6,8.8,2.2,6,88.7
2121,8.2,95.4,6.74,1.8,6,88.1
2122,5.5,56.1,7.27,3.7,7,58.1
2123,9.7,76.7,7.97,1.5,6,91.5
2124,4.8,94.0,9.87,5.3,6,74.5
2125,9.9,70.5,6.64,3.4,7,82.8
2126,7.0,74.1,9.62,3.9,7,82.5
2127,6.7,53.5,6.35,1.4,5,62.1
2128,2.5,63.9,9.95,2.4,6,56.0
2129,8.9,66.2,8.35,3.0,4,80.8
2130,4.8,97.3,7.32,5.3,3,64.6
2131,2.5,64.1,8.07,5.1,3,41.6
2132,1.1,73.0,6.36,1.8,7,44.7
2133,6.0,83.6,6.37,4.2,7,67.9
2134,5.7,58.1,5.57,2.0,5,63.2
2135,7.5,74.3,5.57,6.4,6,66.2
2136,9.0,86.9,6.74,6.2,7,81.4
2137,1.7,93.3,8.81,3.9,7,57.2
2138,7.6,81.3,8.04,4.7,3,76.5
2139,2.7,83.5,5.51,5.3,6,49.3
2140,8.7,56.3,9.26,4.8,5,80.2
2141,8.4,97.3,8.01,4.7,7,93.2
2142,5.9,56.6,9.8,6.3,7,68.5
2143,7.4,88.7,8.35,4.1,7,81.5
2144,3.8,63.2,5.88,4.3,3,48.2
2145,5.2,96.7,7.37,5.6,7,68.4
2146,8.4,86.0,8.24,4.5,7,88.3
2147,5.1,87.7,5.14,4.9,3,52.8
2148,4.2,61.0,5.07,1.9,7,54.6
2149,5.4,72.2,5.65,2.7,6,61.3
2150,8.5,80.9,6.26,1.4,6,86.0
2151,4.0,88.5,7.15,3.5,3,58.8
2152,2.6,55.2,7.44,3.2,6,43.2
2153,7.4,98.1,5.69,6.5,5,71.5
2154,8.4,94.5,8.37,4.2,7,90.0
2155,1.9,63.5,7.98,5.2,5,38.4
2156,3.2,91.1,6.47,2.5,6,56.5
2157,2.3,75.9,5.07,5.5,3,34.9
2158,4.1,73.1,5.39,4.2,3,51.5
2159,5.1,65.7,6.96,4.7,5,62.7
2160,7.7,79.0,5.77,2.3,6,73.9
2161,6.9,86.5,6.88,3.8,7,75.8
2162,6.6,70.5,8.14,4.3,6,70.3
2163,4.2,81.5,7.74,4.0,6,61.8
2164,8.6,85.0,6.16,6.0,3,73.2
2165,5.2,85.6,6.72,5.9,4,62.0
2166,9.8,52.6,8.07,6.3,7,75.8
2167,6.7,93.0,9.3,4.5,7,85.7
2168,2.1,72.9,8.77,6.3,3,44.5
2169,7.1,63.1,7.77,5.5,6,69.7
2170,3.9,62.1,6.81,2.1,3,60.3
2171,7.2,74.2,6.83,3.1,6,76.1
2172,1.6,94.3,9.4,1.9,4,58.0
2173,2.6,68.9,5.2,0.5,4,45.3
2174,8.7,87.5,9.94,1.6,5,97.7
2175,3.0,54.8,8.32,0.5,6,55.6
2176,8.5,73.8,8.41,4.8,3,81.8
2177,3.5,99.6,5.19,3.1,3,60.3
2178,6.8,88.5,8.03,2.4,3,80.1
2179,7.2,60.5,7.42,5.1,5,64.3
2180,5.6,75.1,5.53,5.5,7,56.7
2181,3.7,61.7,6.39,6.4,3,47.9
2182,2.9,70.5,9.45,4.4,4,55.3
2183,1.3,89.0,7.75,3.3,3,56.3
2184,3.7,88.6,7.07,2.3,3,64.3
2185,6.9,61.4,5.36,1.8,3,67.8
2186,9.4,96.1,8.57,1.8,7,96.3
2187,8.8,79.6,8.51,3.0,3,87.0
2188,7.9,69.0,8.07,6.5,7,73.0
2189,8.1,75.1,7.55,0.5,7,84.6
2190,7.0,80.3,7.17,1.7,5,81.0
2191,3.3,78.0,7.97,1.6,4,61.2
2192,9.2,74.3,6.17,4.8,3,75.4
2193,7.0,75.2,9.71,2.6,3,82.5
2194,6.0,58.8,7.94,3.2,3,64.1
2195,2.0,90.6,6.56,1.4,7,56.2
2196,5.0,77.1,7.25,2.9,6,62.7
2197,5.1,56.6,9.03,1.1,4,73.1
2198,8.8,88.3,5.81,3.7,3,76.2
2199,5.9,96.6,6.46,1.1,6,74.8
2200,4.4,97.4,8.4,5.2,6,66.8
2201,9.8,68.5,6.58,3.9,6,80.2
2202,2.0,56.8,8.96,4.8,4,37.7
2203,4.8,75.9,5.65,3.0,6,63.7
2204,1.4,55.6,8.81,2.8,3,47.0
2205,7.7,96.7,5.34,1.1,3,77.9
2206,9.3,59.2,5.06,3.6,5,69.2
2207,3.5,62.6,9.49,3.6,7,53.4
2208,8.7,70.3,7.91,3.3,6,81.6
2209,3.6,69.2,6.76,4.9,7,54.0
2210,9.2,89.7,6.16,5.5,7,79.8
2211,7.8,72.8,8.08,5.0,7,74.0
2212,8.2,58.5,7.55,1.4,7,81.6
2213,1.2,63.4,9.96,4.2,7,47.8
2214,9.7,75.5,9.92,1.0,3,99.0
2215,7.5,57.4,8.18,4.7,4,72.4
2216,3.7,80.6,7.21,2.8,6,53.7
2217,8.5,78.3,7.46,1.3,6,87.5
2218,3.5,85.7,8.41,5.7,3,61.2
2219,8.9,96.9,5.51,4.2,3,78.3
2220,2.0,95.6,6.64,2.6,7,52.6
2221,7.3,97.3,5.38,0.7,4,74.9
2222,5.9,62.2,5.37,3.7,6,55.9
2223,1.9,56.6,5.98,6.0,5,30.8
2224,3.2,65.1,7.43,4.1,3,55.1
2225,1.1,94.8,8.92,6.3,5,47.0
2226,5.2,98.6,7.43,1.3,6,76.5
2227,3.7,93.0,6.68,3.9,3,63.0
2228,6.4,55.5,5.41,5.3,6,48.0
2229,3.7,97.4,7.75,3.7,3,64.3
2230,3.7,71.2,6.36,1.0,6,53.9
2231,7.7,50.5,8.07,4.0,5,66.9
2232,1.4,72.1,9.89,4.2,4,47.6
2233,9.1,52.3,5.56,4.9,3,66.9
2234,8.7,77.2,6.06,5.1,5,71.9
2235,7.0,66.9,7.37,5.1,6,66.0
2236,6.3,73.7,9.84,4.5,5,77.3
2237,9.0,80.7,8.86,1.8,3,93.9
2238,2.7,93.4,9.49,2.9,5,72.6
2239,1.7,83.1,6.67,5.2,6,43.9
2240,3.2,71.7,9.96,6.2,7,57.1
2241,8.2,91.0,5.51,1.0,4,86.9
2242,1.3,95.3,5.26,3.7,4,40.2
2243,6.2,56.0,9.28,2.4,7,74.8
2244,10.0,76.6,9.64,1.9,3,95.5
2245,8.7,64.2,5.45,3.5,5,73.7
2246,5.7,52.4,5.57,4.1,5,55.8
2247,1.6,83.4,5.17,0.6,7,41.8
2248,8.5,93.1,5.52,5.2,7,75.6
2249,6.4,58.1,6.05,5.4,6,56.7
2250,2.0,90.6,9.85,6.3,6,50.9
2251,1.8,92.7,8.34,1.6,4,59.8
2252,9.2,95.7,8.89,4.1,3,98.4
2253,7.0,63.3,8.88,3.1,3,71.7
2254,8.5,95.2,7.68,2.5,7,92.8
2255,8.9,66.0,8.99,3.9,4,85.1
2256,6.1,77.6,7.98,5.2,4,63.4
2257,5.7,52.5,6.57,0.6,6,61.7
2258,4.9,52.2,7.81,6.3,5,51.9
2259,3.9,86.0,7.67,5.4,3,62.4
2260,4.9,72.2,9.12,5.0,4,66.1
2261,8.0,62.8,9.91,5.1,6,76.5
2262,6.4,59.5,7.06,2.8,6,66.8
2263,9.0,83.5,8.82,5.0,6,78.2
2264,5.0,50.0,5.5,2.8,5,53.8
2265,6.5,90.3,8.88,5.9,4,72.3
2266,6.7,54.0,6.86,1.6,7,64.1
2267,6.3,59.6,5.2,2.3,7,59.6
2268,7.3,69.3,6.82,3.8,6,66.6
2269,3.1,74.2,8.05,2.4,6,56.7
2270,5.6,67.7,5.6,3.0,5,62.4
2271,1.9,66.0,9.62,3.5,6,45.4
2272,4.5,98.2,5.39,5.6,4,56.9
2273,5.4,82.1,9.65,3.6,6,73.1
2274,6.9,51.2,8.54,2.7,6,71.8
2275,9.6,71.5,6.65,2.0,4,85.0
2276,6.4,93.8,6.95,3.0,3,78.0
2277,7.7,65.1,8.7,3.6,7,81.2
2278,5.6,54.7,8.01,5.0,6,61.7
2279,6.7,87.9,8.36,1.2,4,80.5
2280,1.6,80.3,6.95,1.8,7,55.3
2281,3.3,78.5,7.44,2.8,5,53.5
2282,4.3,52.7,9.95,2.7,3,64.1
2283,5.3,57.0,6.07,2.9,6,59.6
2284,1.4,81.1,7.09,5.3,3,48.4
2285,2.3,60.4,6.46,2.4,6,47.4
2286,3.5,75.2,8.83,3.5,6,57.5
2287,9.7,77.2,8.82,4.2,6,92.7
2288,4.0,64.2,6.46,1.9,3,54.6
2289,5.3,97.4,5.41,4.8,5,65.8
2290,2.8,92.1,5.06,3.8,4,50.0
2291,6.5,86.1,7.14,3.2,4,77.8
2292,3.5,53.9,7.05,5.4,5,44.3
2293,2.9,55.3,9.94,2.0,5,59.9
2294,5.6,74.6,7.35,5.8,6,59.2
2295,1.0,58.0,6.28,3.9,6,37.2
2296,1.1,98.9,9.46,4.2,4,48.9
2297,3.0,57.9,7.46,5.8,6,45.5
2298,1.3,74.4,8.0,5.4,6,43.3
2299,2.0,68.2,5.48,4.1,5,39.3
2300,4.0,82.0,6.91,5.0,3,49.0
2301,8.2,56.5,9.72,3.1,7,79.6
2302,6.1,71.5,7.95,3.8,7,72.0
2303,5.6,63.7,6.72,0.9,6,63.1
2304,3.6,94.4,8.13,1.0,6,64.5
2305,9.4,52.0,9.55,5.5,7,77.2
2306,4.6,95.7,6.37,0.9,5,72.8
2307,1.8,91.6,7.53,1.5,7,57.6
2308,6.6,64.9,9.79,5.3,7,75.7
2309,2.0,89.5,5.86,0.5,7,55.7
2310,4.1,51.6,8.6,2.2,6,55.0
2311,5.6,98.3,8.07,4.0,6,79.4
2312,8.9,76.3,8.4,4.1,7,82.8
2313,5.4,65.2,6.76,5.2,6,54.2
2314,7.3,68.1,6.57,3.5,7,70.6
2315,9.9,53.3,8.42,3.6,5,85.0
2316,2.2,99.5,6.08,4.9,6,52.0
2317,3.5,52.0,7.1,3.5,3,46.6
2318,4.6,82.7,5.94,4.2,6,61.6
2319,4.8,72.1,5.04,5.9,5,47.2
2320,4.7,97.4,9.85,2.9,5,73.4
2321,9.2,62.3,7.16,2.8,6,74.9
2322,7.4,76.6,9.85,0.5,4,88.0
2323,6.5,74.1,5.7,4.2,7,66.1
2324,3.8,85.1,7.94,0.7,7,69.3
2325,8.4,53.4,6.0,3.5,5,70.1
2326,9.6,59.7,8.95,5.3,6,80.9
2327,8.4,60.7,8.92,3.8,4,83.3
2328,1.0,86.9,5.56,2.1,3,43.9
2329,6.7,59.5,9.56,5.2,7,71.0
2330,1.5,78.7,5.97,2.1,4,41.4
2331,3.3,60.8,8.06,4.9,7,43.7
2332,1.5,93.1,9.93,4.2,6,59.6
2333,6.4,97.1,9.41,1.5,7,94.1
2334,7.2,75.9,9.78,5.9,3,77.8
2335,2.0,67.6,6.71,1.7,6,49.8
2336,4.5,61.7,5.53,6.4,5,47.5
2337,5.1,52.5,5.94,0.5,4,58.4
2338,4.3,63.4,7.5,2.1,7,54.3
2339,2.1,82.7,8.97,1.7,6,61.2
2340,4.8,76.7,5.75,0.6,6,67.8
2341,7.8,97.2,8.3,4.9,7,85.0
2342,1.6,69.8,6.62,4.7,5,38.9
2343,1.7,84.7,6.71,5.3,7,44.9
2344,4.2,74.5,8.31,2.0,5,64.3
2345,9.5,75.6,7.33,3.2,7,90.0
2346,7.0,63.4,9.06,4.5,6,73.1
2347,7.1,72.7,5.78,3.1,3,70.9
2348,4.3,73.5,8.95,4.7,3,64.7
2349,6.3,85.3,5.32,4.3,6,66.9
2350,1.1,97.0,5.97,1.2,3,50.6
2351,6.7,66.5,8.28,5.2,5,63.7
2352,9.2,52.1,9.27,4.8,6,81.5
2353,6.5,74.8,6.26,4.4,5,68.0
2354,8.9,77.2,6.64,1.4,6,80.3
2355,7.5,58.4,7.69,2.1,5,75.4
2356,2.1,88.0,6.06,2.9,5,49.6
2357,9.1,99.2,9.06,2.2,3,91.5
2358,1.6,97.3,8.87,1.9,6,61.3
2359,5.8,59.9,5.73,5.3,7,58.0
2360,2.3,93.8,7.32,4.3,3,53.4
2361,1.1,85.2,8.87,3.9,5,43.9
2362,4.8,72.7,6.69,1.9,5,63.5
2363,3.7,77.0,8.17,6.0,7,57.7
2364,5.4,92.5,5.25,1.6,7,65.0
2365,6.2,74.0,8.04,5.3,5,66.3
2366,1.4,68.7,5.76,6.3,7,31.5
2367,2.1,74.7,9.15,4.9,4,51.1
2368,6.0,79.0,6.78,6.5,3,60.1
2369,4.1,59.5,6.41,4.4,6,53.0
2370,7.6,95.0,9.2,1.8,7,94.7
2371,6.9,83.7,5.25,1.7,7,70.4
2372,8.6,81.7,6.98,2.4,4,87.9
2373,7.2,55.0,6.85,0.5,6,67.3
2374,4.9,80.2,6.42,4.6,4,56.4
2375,7.1,56.0,9.56,2.1,6,78.9
2376,3.5,53.9,8.75,5.4,3,49.6
2377,3.8,76.4,5.32,2.7,7,53.1
2378,8.1,70.1,8.57,3.4,3,81.8
2379,5.0,79.4,7.64,6.3,6,57.9
2380,8.2,54.5,9.5,2.0,7,85.8
2381,8.4,71.5,6.56,4.8,4,75.8
2382,8.7,58.7,7.87,5.0,5,74.6
2383,9.2,99.4,7.5,1.8,4,97.7
2384,4.9,78.1,7.45,3.5,5,64.9
2385,3.9,84.4,7.28,2.6,4,61.0
2386,6.2,66.3,6.03,5.1,6,58.1
2387,4.3,54.7,8.78,4.2,3,52.6
2388,6.4,98.8,7.26,3.4,5,75.0
2389,7.4,64.3,9.79,5.2,6,74.9
2390,7.2,71.2,6.3,1.9,3,72.9
2391,4.4,82.5,8.41,5.0,3,59.5
2392,2.5,51.2,9.7,5.7,7,45.9
2393,4.9,90.5,8.32,5.8,7,63.6
2394,2.3,76.8,9.36,5.2,7,50.3
2395,9.0,63.9,9.14,2.9,5,87.6
2396,4.1,53.1,6.8,6.4,5,44.8
2397,2.4,58.1,8.0,2.8,3,47.7
2398,1.2,94.8,5.78,4.3,5,44.9
2399,6.8,84.3,7.68,1.5,3,75.7
2400,6.7,62.5,6.15,6.4,6,54.5
2401,4.1,53.3,8.72,4.7,4,52.3
2402,1.6,84.5,7.64,5.0,3,46.0
2403,4.7,78.6,7.06,0.9,3,68.8
2404,3.8,70.2,6.34,5.1,6,47.0
2405,7.1,68.2,9.99,5.1,7,73.9
2406,6.5,60.8,5.36,4.5,7,61.1
2407,4.3,83.5,5.22,2.3,7,54.4
2408,3.0,98.5,6.09,3.4,3,59.1
2409,9.9,58.8,9.86,1.2,3,94.3
2410,5.1,79.9,9.9,3.3,5,70.2
2411,7.2,71.2,8.27,2.0,5,74.9
2412,2.3,72.3,9.4,2.6,4,55.6
2413,5.4,62.7,6.07,1.5,4,63.0
2414,1.2,91.3,9.86,1.9,5,59.1
2415,5.5,74.3,5.71,1.0,3,67.7
2416,9.7,77.2,5.51,6.0,6,78.9
2417,4.5,65.2,5.56,3.7,5,53.8
2418,1.4,59.1,7.87,2.9,3,45.1
2419,1.3,54.3,8.9,3.7,5,40.5
2420,4.5,85.7,6.83,4.3,7,62.4
2421,2.4,59.8,9.89,6.0,5,54.0
2422,1.2,84.5,7.17,1.6,7,52.6
2423,7.8,69.5,5.75,2.3,3,71.3
2424,5.1,70.8,7.33,6.4,7,54.2
2425,3.6,73.5,8.4,2.7,5,60.2
2426,9.1,68.4,9.16,0.6,7,94.6
2427,2.0,55.0,7.29,1.4,6,46.1
2428,9.6,65.5,7.97,0.7,7,86.8
2429,3.8,83.2,6.34,6.4,7,52.5
2430,9.0,83.3,8.23,2.2,4,93.1
2431,6.4,64.3,9.93,6.0,6,66.4
2432,8.4,73.0,5.25,6.5,3,69.5
2433,9.9,59.7,9.43,4.1,7,87.9
2434,3.6,60.5,7.81,0.7,6,59.6
2435,9.7,51.2,6.26,1.0,3,82.2
2436,4.5,94.8,9.77,3.4,6,74.3
2437,4.5,60.5,7.42,2.9,4,55.9
2438,4.1,61.4,6.66,4.1,3,52.2
2439,5.9,64.0,5.91,3.1,3,60.4
2440,2.4,56.4,6.22,6.1,7,36.4
2441,6.0,82.0,9.16,3.7,5,73.9
2442,5.9,53.8,8.07,4.7,3,61.6
2443,7.9,56.7,9.57,5.9,3,73.4
2444,8.5,82.2,6.16,1.4,4,79.8
2445,5.0,67.0,5.61,1.9,4,59.7
2446,3.7,85.4,5.03,1.1,4,60.3
2447,3.3,77.9,7.54,1.3,7,61.1
2448,2.8,62.8,9.99,3.6,3,55.1
2449,1.5,82.5,8.47,2.4,4,54.1
2450,4.1,55.8,6.54,3.0,4,48.9
2451,3.4,76.8,9.38,6.4,6,57.8
2452,9.7,71.9,8.91,1.4,6,96.7
2453,6.0,63.4,5.08,3.7,4,56.8
2454,4.1,80.2,9.08,1.1,7,70.0
2455,6.2,93.6,6.5,2.4,5,70.8
2456,2.3,99.9,5.75,3.7,6,53.1
2457,5.0,80.4,6.13,6.2,6,54.5
2458,6.6,70.2,7.34,2.8,3,62.9
2459,5.4,61.3,7.12,0.9,3,65.3
2460,4.6,62.9,6.44,2.8,4,55.3
2461,9.9,74.0,5.86,1.4,3,83.5
2462,8.9,68.4,8.81,1.9,3,90.6
2463,6.6,95.7,9.95,4.2,5,81.9
2464,6.1,68.4,8.89,0.9,7,73.8
2465,6.6,68.7,6.48,3.3,4,69.8
2466,2.8,69.2,6.22,4.2,5,46.3
2467,4.6,91.8,6.09,3.0,4,59.9
2468,1.4,82.5,5.68,0.6,7,47.6
2469,5.3,80.7,7.76,6.4,4,58.9
2470,5.9,66.7,8.03,2.7,3,64.5
2471,3.0,90.9,8.53,5.2,7,53.5
2472,9.7,51.9,8.4,2.5,5,86.4
2473,9.2,93.5,6.46,3.4,5,84.3
2474,7.5,75.6,6.65,2.8,6,71.6
2475,5.8,69.9,8.41,2.6,5,69.4
2476,8.8,74.9,6.75,0.6,6,93.3
2477,2.2,83.4,6.06,2.7,3,50.3
2478,8.1,50.6,6.87,5.8,5,67.2
2479,2.1,93.6,6.36,4.6,7,45.7
2480,8.1,72.3,5.44,1.4,6,77.1
2481,3.5,67.1,9.15,4.0,5,57.1
2482,8.9,56.9,9.27,5.9,3,75.5
2483,9.5,72.0,6.1,4.7,7,77.4
2484,2.3,74.8,5.32,1.4,7,45.2
2485,5.2,70.2,8.69,5.7,3,62.2
2486,9.8,83.9,6.06,2.3,5,87.2
2487,5.4,71.0,6.97,3.2,4,60.9
2488,8.8,98.1,5.32,3.7,5,81.3
2489,6.3,80.0,6.13,5.6,6,65.3
2490,4.4,90.4,8.96,6.1,6,60.4
2491,3.6,55.5,9.02,6.1,5,47.9
2492,2.8,69.9,6.04,0.5,6,53.1
2493,7.9,66.8,6.68,6.0,4,65.8
2494,4.5,78.5,5.67,0.8,4,65.3
2495,5.6,93.1,5.37,2.1,7,71.3
2496,5.4,53.9,9.96,3.6,6,69.5
2497,6.2,53.6,8.28,3.4,5,67.1
2498,8.8,92.5,7.71,4.1,7,89.6
2499,9.8,60.6,8.83,3.4,4,86.9
2500,4.7,83.4,9.2,6.1,7,62.2
2501,8.4,77.1,9.03,1.9,3,86.9
2502,7.9,91.6,5.08,2.1,6,73.4
2503,6.2,56.3,5.93,6.0,5,52.6
2504,9.6,56.5,8.27,1.0,4,86.9
2505,2.8,77.8,6.88,4.2,7,49.1
2506,2.0,97.3,9.91,4.6,5,67.3
2507,8.7,70.7,8.33,3.5,6,80.5
2508,5.0,66.3,9.78,4.7,5,64.2
2509,8.6,80.3,6.01,1.5,6,88.6
2510,9.0,96.5,9.32,5.6,6,88.6
2511,1.6,91.8,6.61,1.3,6,49.7
2512,9.0,99.8,9.95,2.9,7,98.4
2513,5.0,51.1,5.79,1.0,6,53.6
2514,5.6,55.6,7.58,3.8,5,63.1
2515,6.6,80.5,8.96,4.5,3,75.5
2516,9.3,91.0,7.16,6.1,5,79.8
2517,1.2,64.3,7.34,4.9,7,38.5
2518,5.3,62.0,9.93,3.7,6,68.1
2519,7.2,89.3,7.13,6.1,3,67.9
2520,7.5,52.8,8.02,3.4,7,71.9
2521,7.2,68.5,5.27,3.9,4,66.1
2522,2.2,75.3,9.21,4.1,4,49.0
2523,3.7,78.0,8.24,3.0,4,57.0
2524,4.2,86.4,7.02,5.5,3,55.9
2525,8.2,67.7,5.08,1.6,5,71.5
2526,3.5,80.6,7.96,3.8,3,59.7
2527,2.9,79.3,5.06,4.8,3,42.6
2528,9.6,77.4,5.01,5.9,3,73.9
2529,1.1,82.0,8.08,5.8,4,39.6
2530,10.0,63.0,5.95,3.6,5,82.4
2531,7.1,54.2,5.96,4.4,3,58.6
2532,8.5,56.0,8.27,2.9,5,75.2
2533,3.7,61.2,5.27,3.3,6,46.2
2534,1.1,75.0,6.57,5.9,3,39.1
2535,7.6,92.0,5.75,6.1,3,72.0
2536,8.5,85.1,7.9,5.9,3,78.2
2537,7.7,89.5,8.31,1.3,6,86.5
2538,2.3,67.5,8.61,5.6,6,42.3
2539,7.8,70.2,6.28,6.2,4,72.3
2540,7.9,69.7,5.45,2.7,7,76.0
2541,6.9,59.6,5.39,3.6,5,62.2
2542,7.9,53.1,7.13,5.2,7,66.4
2543,8.6,79.5,9.73,3.9,3,84.9
2544,6.5,99.5,6.09,6.5,3,67.2
2545,1.8,58.3,6.28,3.2,4,41.6
2546,5.4,52.3,5.5,4.8,7,51.8
2547,1.7,89.0,8.03,5.3,3,47.3
2548,4.7,62.6,8.4,3.5,7,62.9
2549,4.7,91.5,8.21,5.6,4,67.9
2550,1.6,85.2,9.31,3.8,7,54.0
2551,4.1,97.3,7.43,3.0,5,68.9
2552,2.0,70.4,5.67,1.1,4,50.9
2553,8.3,83.1,6.45,2.9,7,85.7
2554,9.5,73.2,8.31,4.9,3,82.8
2555,1.7,81.5,8.07,6.0,6,46.5
2556,9.6,72.5,7.66,2.0,6,90.8
2557,5.7,59.4,8.41,2.6,4,66.3
2558,3.7,75.4,8.19,1.4,6,66.6
2559,1.7,76.4,9.41,4.6,5,50.6
2560,5.5,90.5,7.93,6.3,4,65.4
2561,8.2,86.8,8.89,4.3,3,81.2
2562,7.4,83.2,6.24,4.2,3,67.2
2563,1.5,55.7,8.39,3.8,4,40.7
2564,1.7,86.0,9.51,1.0,6,52.1
2565,4.6,75.0,6.93,4.9,6,60.2
2566,3.7,94.7,8.9,4.1,3,68.1
2567,3.1,96.0,8.62,4.5,5,63.2
2568,3.5,52.8,5.3,5.9,6,40.8
2569,8.2,91.0,7.91,5.2,5,80.8
2570,9.4,51.9,5.65,5.2,6,69.8
2571,4.6,68.4,9.84,6.1,4,59.7
2572,9.2,77.1,9.06,6.4,7,86.8
2573,3.9,57.4,5.55,4.0,3,37.7
2574,5.3,87.3,5.61,1.2,4,70.4
2575,3.0,50.4,7.97,3.3,6,42.0
2576,6.8,58.4,6.72,5.2,3,60.7
2577,9.8,79.0,5.17,0.7,7,83.7
2578,6.4,85.7,7.71,0.8,7,78.8
2579,4.2,95.8,6.94,0.9,6,67.1
2580,6.8,85.3,5.51,4.9,3,65.2
2581,2.1,83.6,9.01,3.5,6,57.3
2582,9.0,69.7,9.58,2.7,7,89.9
2583,5.5,50.1,8.78,1.1,4,69.7
2584,5.0,56.0,9.11,4.9,4,60.6
2585,6.3,76.7,6.08,2.4,5,63.2
2586,6.6,83.8,6.32,2.1,7,80.0
2587,1.6,70.9,6.04,4.4,7,32.6
2588,7.1,86.5,8.83,3.9,6,81.1
2589,3.2,76.1,9.74,2.7,5,64.9
2590,7.4,53.7,8.58,4.3,5,71.1
2591,8.4,59.6,9.41,2.1,3,83.3
2592,8.2,92.0,8.19,5.3,6,87.0
2593,6.0,86.2,6.94,1.9,4,76.2
2594,5.7,94.7,7.13,1.5,3,75.2
2595,2.3,55.9,5.38,5.2,5,32.7
2596,8.0,99.5,5.16,4.7,4,73.5
2597,3.4,60.5,8.48,1.6,7,55.2
2598,5.5,50.6,7.19,1.2,6,61.7
2599,3.6,99.9,7.76,5.5,5,55.3
2600,2.2,64.1,7.79,5.2,7,43.2
2601,6.7,83.4,6.39,2.5,5,75.1
2602,1.5,58.8,7.38,4.4,4,36.8
2603,7.7,79.0,7.35,1.2,3,81.8
2604,3.9,95.2,6.94,3.5,4,62.8
2605,1.0,66.0,9.1,0.6,6,52.4
2606,5.6,83.5,7.26,2.8,6,68.6
2607,1.4,59.4,8.02,0.9,5,52.4
2608,3.5,81.2,9.48,3.4,4,63.5
2609,7.4,66.8,9.33,3.0,3,75.0
2610,1.6,60.6,9.45,3.2,6,47.0
2611,8.6,65.7,6.35,0.8,3,84.1
2612,1.0,58.9,5.17,2.7,7,36.4
2613,3.2,95.1,6.31,5.0,5,48.3
2614,7.7,69.9,6.39,2.7,3,72.3
2615,3.8,62.3,9.55,4.8,5,55.2
2616,1.9,72.4,8.25,2.7,7,52.9
2617,4.2,66.0,5.41,3.0,3,47.6
2618,3.4,87.2,5.68,3.9,3,57.1
2619,8.6,98.6,5.78,6.2,7,73.1
2620,3.8,71.9,8.15,1.2,4,62.2
2621,8.1,93.1,8.68,0.7,3,89.5
2622,9.0,78.3,9.3,4.1,3,90.2
2623,4.9,57.9,9.7,6.2,6,52.4
2624,9.2,84.5,6.01,6.4,4,76.1
2625,4.4,75.7,6.55,3.4,3,57.0
2626,9.7,82.5,6.2,3.3,7,82.6
2627,1.8,94.5,6.79,4.4,5,52.6
2628,7.2,72.0,9.57,3.8,7,83.8
2629,5.4,95.1,7.88,4.3,4,69.4
2630,4.5,87.5,8.69,5.7,6,63.8
2631,6.7,74.4,7.45,5.0,6,66.3
2632,7.3,80.2,5.14,3.5,6,65.2
2633,1.0,66.3,5.32,3.3,7,30.9
2634,2.5,99.2,7.69,4.3,5,53.5
2635,7.4,83.4,8.59,3.2,5,85.1
2636,7.0,52.2,6.08,3.2,3,63.8
2637,9.7,66.3,8.61,0.6,5,90.2
2638,7.8,81.2,9.05,1.5,5,84.9
2639,9.6,52.8,7.06,3.4,3,75.2
2640,7.3,51.2,8.73,5.4,7,61.6
2641,3.7,72.5,7.02,2.2,7,58.5
2642,1.9,66.6,8.39,3.6,4,47.1
2643,8.0,71.9,8.82,2.6,7,88.0
2644,6.8,63.1,9.96,1.1,6,74.4
2645,1.4,58.2,6.73,6.2,6,34.8
2646,4.2,84.5,7.06,5.6,4,59.1
2647,9.6,75.7,5.83,1.0,5,89.4
2648,5.5,60.0,6.02,4.8,4,54.7
2649,4.9,66.0,8.47,2.6,3,67.3
2650,5.1,79.6,9.59,6.5,4,66.1
2651,2.9,53.6,6.97,2.3,4,44.6
2652,4.3,57.4,5.9,1.9,6,51.4
2653,4.3,53.7,6.43,3.9,3,47.8
2654,1.5,90.6,7.28,5.5,3,49.0
2655,7.9,87.6,6.45,1.7,4,85.6
2656,4.7,87.7,6.17,4.8,3,61.2
2657,8.4,85.8,8.68,0.9,3,92.2
2658,8.7,83.5,5.04,6.0,7,65.5
2659,2.9,73.8,7.7,1.0,3,60.2
2660,6.9,82.1,8.97,6.0,5,76.4
2661,5.3,51.9,6.33,3.4,3,55.1
2662,8.9,81.1,8.02,3.2,6,87.9
2663,2.9,88.9,8.34,6.3,7,51.2
2664,7.1,75.0,8.28,6.4,6,69.0
2665,6.5,67.9,7.23,4.4,6,63.3
2666,3.7,63.9,6.73,1.3,5,54.8
2667,2.2,82.1,9.18,3.5,7,58.8
2668,6.9,84.6,8.79,3.7,4,80.2
2669,7.6,93.5,6.61,3.6,3,75.5
2670,3.8,67.1,5.52,3.9,5,53.4
2671,6.8,88.5,5.36,0.6,5,75.9
2672,4.6,78.1,5.47,4.8,4,51.2
2673,7.4,94.1,7.91,4.8,5,78.5
2674,2.8,76.4,5.26,1.2,4,48.6
2675,9.0,75.9,6.68,3.9,4,80.7
2676,3.6,78.9,8.77,3.9,4,56.2
2677,4.3,87.5,6.47,4.6,5,58.8
2678,1.5,98.2,8.82,1.0,4,63.9
2679,2.0,53.7,8.73,4.3,5,45.7
2680,5.6,52.7,6.23,2.2,7,58.9
2681,3.4,96.9,8.64,3.5,4,66.7
2682,8.5,76.5,8.74,5.1,5,82.6
2683,1.1,80.7,6.99,4.7,5,44.4
2684,4.4,74.1,6.05,1.2,5,59.3
2685,4.0,54.7,7.61,4.0,3,48.5
2686,1.2,88.4,9.61,6.3,3,49.8
2687,2.1,87.4,8.2,1.4,4,61.8
2688,4.7,65.6,5.86,5.6,7,48.4
2689,5.4,65.3,8.41,4.7,4,67.2
2690,4.6,91.9,7.14,5.1,6,62.9
2691,5.8,53.6,7.96,2.2,6,67.3
2692,6.4,94.1,8.67,2.2,7,78.4
2693,1.1,62.8,7.57,5.9,7,37.6
2694,5.2,79.6,9.07,2.7,7,73.1
2695,9.7,96.8,8.61,0.9,3,100.0
2696,5.7,83.9,8.08,4.1,3,71.3
2697,7.1,70.7,5.75,1.2,6,73.5
2698,3.8,84.5,9.18,5.3,7,58.8
2699,8.0,67.2,9.68,4.4,5,81.4
2700,8.0,63.9,5.68,5.7,6,68.2
2701,5.7,99.8,7.44,5.2,7,69.3
2702,9.8,87.5,6.29,1.2,5,89.6
2703,2.1,82.2,8.77,2.8,7,61.9
2704,1.2,67.8,8.61,5.1,4,41.1
2705,7.9,52.5,5.7,3.0,5,69.1
2706,8.3,51.6,9.39,6.3,4,71.1
2707,2.1,77.7,5.9,4.9,3,40.4
2708,3.4,88.1,8.99,0.6,6,68.8
2709,1.2,76.9,7.28,5.8,7,41.0
2710,3.6,92.0,6.64,1.1,6,66.8
2711,8.0,51.7,5.79,1.3,7,68.6
2712,5.7,68.3,5.84,4.9,4,60.1
2713,4.1,61.9,8.31,5.7,5,53.0
2714,4.3,72.4,7.75,3.7,5,58.5
2715,1.0,53.6,5.61,2.2,7,35.2
2716,3.7,97.7,5.56,2.6,4,63.6
2717,6.8,61.2,5.36,2.6,7,64.8
2718,9.8,96.1,8.72,2.5,7,96.8
2719,8.6,71.3,8.56,2.0,7,86.5
2720,1.2,99.3,5.29,4.2,5,44.9
2721,9.1,77.7,7.8,5.9,7,78.6
2722,8.0,96.5,5.42,2.3,5,81.5
2723,8.0,50.3,9.52,1.6,3,78.3
2724,5.1,87.4,9.54,5.5,4,71.2
2725,4.6,95.2,8.49,5.0,3,71.4
2726,3.7,57.0,9.63,6.1,7,52.0
2727,1.6,54.8,9.06,1.5,5,50.9
2728,3.1,71.2,9.14,1.4,4,64.6
2729,3.2,96.7,7.85,3.7,6,59.9
2730,5.4,77.1,6.53,4.2,4,62.6
2731,7.7,76.4,6.09,3.4,4,76.3
2732,5.3,57.1,6.64,4.1,7,60.3
2733,1.5,50.0,8.14,1.6,3,42.9
2734,9.6,90.5,5.86,3.4,3,82.5
2735,9.5,54.4,6.29,4.4,6,75.6
2736,8.1,81.7,7.34,3.1,7,81.5
2737,9.9,95.7,6.17,4.6,4,87.6
2738,5.9,60.4,7.94,3.2,3,63.5
2739,9.7,83.3,9.62,2.5,3,100.0
2740,1.7,53.9,8.74,2.3,5,44.5
2741,4.3,80.2,8.33,3.0,4,62.5
2742,3.0,58.2,7.91,0.6,7,54.6
2743,2.8,86.8,7.44,4.5,3,56.1
2744,2.3,65.1,5.93,5.6,7,33.6
2745,6.6,73.2,9.47,2.6,4,75.1
2746,8.0,80.0,6.24,0.8,4,78.7
2747,6.2,58.6,5.46,6.4,3,58.1
2748,2.3,87.1,8.75,2.1,6,60.5
2749,8.3,65.1,5.88,1.3,7,72.9
2750,6.7,83.1,6.86,2.7,7,73.2
2751,4.5,57.9,5.14,4.9,5,47.8
2752,7.1,84.4,5.69,2.3,4,79.3
2753,3.3,56.4,5.87,3.9,4,38.6
2754,4.1,71.3,5.27,3.0,3,48.5
2755,9.3,62.4,8.28,1.2,3,86.6
2756,3.6,87.4,9.19,2.5,3,65.9
2757,5.2,63.1,6.87,4.8,5,55.0
2758,9.0,94.1,9.37,4.2,6,92.6
2759,7.4,94.6,6.07,1.2,3,87.3
2760,1.6,59.8,6.63,1.5,3,39.0
2761,2.3,80.7,5.75,4.3,3,44.8
2762,1.1,54.4,8.1,5.4,5,37.0
2763,6.7,69.6,7.1,2.6,7,66.1
2764,5.0,85.7,8.07,4.1,6,71.0
2765,2.2,83.0,8.81,1.5,7,58.9
2766,9.6,81.2,7.73,2.4,4,87.5
2767,5.8,64.1,8.14,0.6,4,76.1
2768,3.2,68.9,9.68,5.1,3,57.6
2769,5.5,55.1,6.5,2.9,7,56.1
2770,7.1,86.0,6.8,5.4,5,73.1
2771,1.7,75.2,8.59,4.8,6,48.4
2772,3.5,85.4,8.06,5.5,7,51.7
2773,8.3,62.4,5.89,2.2,7,69.2
2774,5.1,66.2,6.88,1.6,6,63.8
2775,5.9,66.7,7.34,6.3,7,53.6
2776,4.9,51.3,7.1,4.8,7,54.6
2777,1.4,67.1,5.89,5.5,6,30.0
2778,2.5,90.2,9.62,0.6,5,70.0
2779,5.0,94.9,8.81,2.6,6,79.0
2780,2.9,75.9,7.41,5.0,3,51.0
2781,1.4,72.8,8.4,1.0,3,41.0
2782,8.6,51.5,9.49,3.9,3,82.5
2783,9.8,94.0,5.68,3.1,3,86.7
2784,8.1,50.7,6.25,0.6,4,73.1
2785,8.7,97.2,7.71,1.9,5,89.8
2786,3.2,74.5,9.0,2.2,4,66.0
2787,9.6,67.1,5.18,1.2,7,81.8
2788,2.8,96.2,9.92,4.3,7,62.8
2789,9.6,51.2,7.27,2.0,6,85.2
2790,10.0,79.1,6.8,2.2,3,92.4
2791,7.4,77.4,6.46,5.9,6,64.4
2792,9.8,61.0,5.87,3.3,7,79.3
2793,6.1,71.4,8.96,2.9,3,73.7
2794,3.3,82.6,9.78,4.8,5,56.6
2795,4.9,86.4,7.07,6.0,7,62.1
2796,6.3,50.0,9.76,0.7,6,74.3
2797,1.7,96.8,9.12,3.2,6,65.0
2798,6.6,58.2,7.41,4.2,7,68.5
2799,9.8,61.7,8.37,2.4,4,88.5
2800,2.7,63.2,7.17,5.1,5,43.5
2801,8.1,51.9,7.79,6.3,7,60.7
2802,9.2,56.2,5.29,6.2,7,68.9
2803,9.5,99.3,8.48,2.1,6,98.3
2804,9.6,65.8,5.26,1.9,3,78.3
2805,5.7,55.8,9.09,6.2,3,60.2
2806,9.8,55.3,9.12,3.3,3,91.0
2807,7.8,86.0,6.19,1.7,6,84.1
2808,2.5,92.7,6.62,4.7,3,54.9
2809,5.3,62.8,7.41,2.2,7,60.1
2810,7.5,51.0,7.98,2.1,4,77.3
2811,3.2,61.2,6.44,5.8,4,40.6
2812,6.8,52.8,7.96,1.5,4,73.0
2813,7.0,55.2,6.49,0.9,3,71.1
2814,2.5,71.6,5.28,2.1,4,45.2
2815,6.1,61.5,5.01,4.1,3,56.4
2816,7.9,75.8,5.51,1.2,7,71.4
2817,5.5,62.7,8.96,3.3,7,66.8
2818,1.1,97.0,9.81,4.3,6,54.7
2819,1.1,95.3,7.13,5.6,6,50.9
2820,4.2,78.3,7.56,1.9,5,63.5
2821,9.3,67.7,5.73,5.4,7,71.1
2822,3.1,69.1,7.76,1.9,3,56.1
2823,6.7,70.6,5.72,4.6,5,60.6
2824,3.0,86.4,8.06,3.1,7,54.6
2825,3.9,72.6,9.67,1.2,3,69.1
2826,8.6,92.8,5.98,4.8,7,79.2
2827,7.6,97.2,8.82,1.8,7,93.0
2828,1.9,66.8,5.12,1.6,3,46.1
2829,4.9,78.0,6.88,2.6,7,69.0
2830,1.3,54.8,5.55,4.4,7,31.5
2831,5.3,60.0,6.76,1.9,7,63.1
2832,7.0,70.7,5.87,1.6,6,71.5
2833,2.1,60.3,6.87,0.6,4,41.0
2834,3.6,93.8,7.09,3.3,7,64.5
2835,4.6,57.9,6.5,3.1,3,55.3
2836,9.3,72.8,8.28,1.9,7,91.1
2837,9.9,80.3,9.59,0.8,6,99.2
2838,1.4,84.6,7.0,3.1,6,45.3
2839,7.8,69.2,5.96,5.2,7,67.0
2840,4.3,93.5,6.35,4.8,5,60.7
2841,4.5,78.4,9.27,5.7,4,56.6
2842,7.8,72.0,7.86,0.6,3,83.6
2843,9.3,53.4,7.28,6.3,3,76.8
2844,9.6,73.2,5.75,2.5,3,81.8
2845,6.2,91.0,7.25,6.4,3,61.3
2846,4.2,80.7,6.39,2.0,6,59.8
2847,8.1,91.6,9.72,3.3,4,91.4
2848,3.3,74.7,9.42,2.6,7,63.1
2849,6.1,55.9,5.42,2.6,7,58.8
2850,4.2,50.7,7.58,5.6,5,53.6
2851,6.9,65.2,6.13,5.0,7,62.9
2852,3.2,84.9,7.05,6.5,4,50.2
2853,2.7,89.5,9.38,4.2,7,58.4
2854,9.3,64.8,7.64,3.3,6,85.1
2855,1.9,74.8,6.67,1.0,7,55.0
2856,5.6,71.1,6.04,6.5,3,52.6
2857,3.0,70.5,9.0,3.8,3,55.2
2858,1.4,61.6,8.12,4.7,3,33.5
2859,1.3,56.8,7.34,2.9,3,37.3
2860,2.6,59.8,6.09,3.8,6,47.5
2861,8.8,52.8,6.67,6.2,6,66.6
2862,3.5,59.9,9.8,1.5,6,62.6
2863,9.6,50.5,7.6,2.3,7,79.2
2864,6.2,81.4,7.0,1.4,3,75.0
2865,4.9,65.8,7.61,5.3,5,55.9
2866,6.2,98.7,8.89,0.9,5,86.7
2867,5.7,59.7,6.7,1.0,3,64.8
2868,7.8,67.3,5.89,2.3,4,76.6
2869,3.5,67.9,7.92,3.6,7,54.9
2870,4.2,50.4,8.33,2.9,5,52.8
2871,9.0,92.0,8.56,0.8,6,94.8
2872,9.5,51.6,9.41,6.2,4,73.2
2873,9.0,97.0,6.86,6.2,6,82.7
2874,4.8,94.6,5.38,2.2,4,63.9
2875,8.0,76.8,9.79,4.9,4,87.1
2876,5.3,77.2,7.18,4.0,7,59.7
2877,5.5,82.7,8.12,1.9,6,70.8
2878,2.8,69.4,8.33,2.1,6,53.5
2879,6.3,82.4,7.73,3.4,5,71.8
2880,2.7,52.2,6.03,3.0,3,37.5
2881,4.0,52.7,8.78,2.2,3,56.9
2882,8.7,72.9,9.02,5.3,5,81.9
2883,2.9,77.5,7.76,3.4,4,54.4
2884,1.6,94.4,7.44,4.4,5,53.7
2885,1.6,55.2,5.57,1.6,5,38.0
2886,9.5,91.1,5.42,3.7,6,83.5
2887,5.6,60.5,6.7,2.4,5,64.9
2888,4.7,69.7,6.55,3.7,4,56.7
2889,8.3,65.8,9.77,5.2,3,76.5
2890,8.5,70.0,8.92,5.1,7,76.8
2891,4.0,57.5,8.3,2.6,5,53.7
2892,7.2,75.2,7.59,4.7,5,68.3
2893,7.9,90.1,5.84,6.1,6,77.8
2894,6.9,72.1,9.89,4.3,6,74.0
2895,2.4,74.5,6.88,1.4,5,52.1
2896,8.9,92.4,5.53,4.6,5,79.8
2897,5.9,85.3,7.47,1.1,4,74.8
2898,3.5,74.5,9.37,5.7,3,54.2
2899,4.8,62.9,9.44,3.6,3,65.4
2900,1.3,94.2,5.05,2.8,7,39.7
2901,2.2,78.9,9.43,0.8,3,58.2
2902,7.9,61.1,6.36,2.8,7,74.7
2903,1.0,63.5,5.19,5.9,6,30.0
2904,4.7,90.2,9.24,0.6,7,81.0
2905,5.7,52.2,9.32,3.3,7,69.7
2906,1.5,99.6,7.98,6.1,3,53.3
2907,9.8,56.5,7.87,2.9,5,86.3
2908,3.0,89.8,9.07,3.1,6,58.8
2909,3.7,69.7,8.93,4.0,4,53.6
2910,3.7,74.6,9.45,3.3,7,59.3
2911,3.1,94.0,7.76,1.5,7,61.1
2912,1.0,70.6,9.84,0.6,7,50.6
2913,7.6,76.9,9.98,4.2,5,80.6
2914,9.7,52.5,5.58,6.0,4,71.3
2915,3.0,50.1,9.25,1.1,3,57.5
2916,7.0,62.2,7.5,1.8,6,73.4
2917,7.7,84.0,6.94,2.7,5,78.5
2918,8.6,56.1,8.07,5.4,4,73.0
2919,4.8,55.7,5.28,2.1,6,53.3
2920,3.7,70.5,7.53,5.8,3,49.2
2921,3.9,82.4,9.35,0.8,6,73.6
2922,7.4,85.6,6.07,6.1,7,64.7
2923,8.4,58.9,7.13,3.9,7,70.9
2924,2.6,54.0,9.7,4.5,5,46.5
2925,4.3,97.0,7.14,2.7,6,68.0
2926,9.1,63.0,6.79,5.2,7,70.8
2927,8.3,92.7,7.2,1.5,5,85.2
2928,9.9,93.2,7.6,0.8,5,99.9
2929,7.8,88.6,8.16,2.9,5,81.7
2930,4.5,58.4,9.0,5.6,3,58.3
2931,6.3,91.1,7.26,5.0,7,73.1
2932,6.9,88.5,9.09,3.6,7,79.5
2933,1.7,79.8,7.67,3.9,4,48.0
2934,5.9,66.9,6.69,1.3,3,73.2
2935,7.4,63.1,8.29,5.5,7,72.4
2936,2.5,56.1,8.59,5.2,7,46.2
2937,8.0,75.5,7.79,4.4,4,81.9
2938,6.3,79.3,5.28,3.3,6,61.6
2939,9.6,68.0,5.85,6.3,6,77.1
2940,1.4,73.8,6.43,5.8,3,37.9
2941,3.4,68.2,6.41,4.4,5,52.3
2942,6.4,82.1,8.37,2.7,4,74.8
2943,3.7,95.1,5.09,4.2,4,58.1
2944,7.4,58.2,8.78,4.0,7,67.6
2945,7.8,69.1,6.33,2.9,7,71.8
2946,1.9,57.0,6.55,2.3,4,42.5
2947,5.6,81.2,7.64,2.9,5,71.5
2948,5.6,86.4,6.08,3.9,6,58.1
2949,4.3,96.6,9.42,3.1,3,68.8
2950,9.4,63.9,5.43,2.1,6,75.0
2951,8.4,97.5,7.22,5.1,3,79.9
2952,7.3,53.2,9.25,3.7,5,70.6
2953,7.4,80.2,8.08,0.9,4,84.0
2954,5.2,52.9,6.46,2.7,5,60.3
2955,9.3,94.7,7.1,5.8,4,83.5
2956,7.3,76.5,8.53,5.0,7,79.7
2957,7.6,83.5,9.87,2.4,3,88.1
2958,8.8,91.6,9.47,6.1,7,87.0
2959,3.5,57.5,6.71,1.0,4,56.0
2960,8.3,51.9,9.99,6.3,3,74.0
2961,2.8,93.9,5.02,2.0,3,50.9
2962,4.1,65.7,5.14,0.6,7,58.4
2963,4.0,56.4,9.12,3.1,3,58.0
2964,9.8,73.4,6.0,2.7,4,89.0
2965,8.7,79.9,5.3,3.7,4,74.9
2966,7.3,51.5,6.19,5.3,7,55.9
2967,7.5,63.7,7.13,5.6,5,64.5
2968,6.1,51.6,8.65,2.9,4,64.1
2969,9.5,71.0,8.12,3.1,4,86.7
2970,5.5,94.8,6.19,1.4,3,69.3
2971,4.4,99.1,7.52,0.8,3,68.9
2972,2.5,81.9,9.63,4.3,4,56.4
2973,8.1,58.1,9.08,0.9,7,83.6
2974,7.6,95.3,6.62,4.9,5,77.9
2975,4.5,75.8,9.91,3.7,3,67.5
2976,1.2,57.7,8.54,1.7,3,49.6
2977,8.6,96.1,5.31,3.7,5,80.5
2978,1.1,87.9,5.18,1.6,3,37.7
2979,7.3,86.6,5.84,3.1,7,74.6
2980,9.7,85.5,8.64,5.3,3,89.5
2981,4.9,60.0,5.92,3.3,3,55.9
2982,3.1,60.6,7.56,1.4,4,50.2
2983,7.3,84.4,5.47,4.8,7,71.8
2984,8.4,61.0,9.6,1.6,7,86.7
2985,5.9,71.9,6.72,4.9,4,61.8
2986,9.7,89.1,9.54,3.4,6,99.9
2987,1.5,89.2,9.72,3.2,5,60.5
2988,5.5,72.7,5.03,5.6,7,56.4
2989,7.5,89.6,7.32,4.8,6,69.7
2990,8.8,91.9,5.12,0.7,5,81.3
2991,2.6,82.7,9.54,2.3,7,60.5
2992,8.2,61.4,7.59,5.7,3,67.2
2993,6.0,63.7,5.37,0.6,7,61.9
2994,4.6,65.7,5.55,3.8,5,51.6
2995,2.2,55.8,6.92,4.9,6,37.3
2996,8.8,63.7,9.7,4.2,3,83.7
2997,2.4,60.5,8.46,5.1,5,49.4
2998,3.8,72.8,9.34,4.9,5,64.4
2999,3.6,95.4,6.83,4.7,7,58.8
3000,8.8,55.2,5.22,5.4,4,69.4
3001,7.1,86.0,9.87,4.4,4,80.9
3002,8.2,84.4,5.09,2.9,3,73.9
3003,3.3,54.8,9.74,3.3,5,55.3
3004,6.6,96.1,6.84,4.8,6,71.8
3005,6.1,78.4,5.05,5.8,3,59.6
3006,8.5,68.2,8.45,2.1,3,84.2
3007,9.2,87.8,9.9,2.6,7,100.0
3008,1.1,62.9,9.83,6.1,6,42.0
3009,7.1,84.7,5.8,4.0,5,68.2
3010,1.5,52.0,5.91,1.6,5,36.2
3011,5.9,92.0,7.83,4.5,5,69.8
3012,3.6,72.4,8.19,6.4,3,53.7
3013,3.8,81.8,8.7,5.4,7,58.5
3014,4.2,61.1,5.91,5.0,3,47.4
3015,6.6,83.9,9.8,1.7,4,85.4
3016,4.0,88.6,8.19,5.8,4,61.2
3017,7.6,73.7,9.24,3.7,5,83.6
3018,4.6,80.9,7.7,5.8,7,59.8
3019,1.6,72.8,7.07,2.5,5,43.2
3020,8.1,94.7,9.89,0.9,5,95.3
3021,3.6,74.9,7.91,3.4,3,55.9
3022,4.9,92.1,9.33,2.1,5,73.7
3023,7.2,90.1,9.77,4.8,5,85.9
3024,4.0,70.5,8.38,6.2,7,53.4
3025,1.5,61.5,7.74,4.6,7,40.5
3026,4.4,70.3,5.02,5.8,7,47.6
3027,9.5,91.3,5.2,3.2,5,84.7
3028,6.8,61.4,6.0,5.1,7,61.1
3029,7.0,76.2,5.93,5.6,7,71.7
3030,6.7,90.3,6.27,4.8,6,71.8
3031,2.8,67.7,6.52,3.5,6,44.1
3032,4.8,82.1,6.8,4.3,4,61.4
3033,7.8,62.3,7.1,4.7,3,69.9
3034,1.9,55.5,5.49,2.0,3,34.5
3035,3.5,89.7,5.21,5.4,7,42.1
3036,3.5,54.9,8.37,6.2,4,47.1
3037,4.9,63.6,7.69,3.3,4,59.2
3038,9.8,92.8,7.22,4.7,6,85.7
3039,1.6,67.3,8.17,4.9,4,41.3
3040,5.7,98.7,9.14,4.5,5,75.8
3041,2.6,99.0,7.14,3.8,7,54.8
3042,9.7,63.4,8.21,5.8,5,81.4
3043,2.0,52.0,9.77,3.2,3,49.0
3044,4.6,85.3,9.2,0.9,6,76.8
3045,7.6,72.5,7.13,5.6,5,73.4
3046,7.3,55.0,8.22,4.5,7,70.6
3047,4.8,85.4,5.89,5.6,5,54.0
3048,4.1,51.6,7.8,1.3,5,57.3
3049,4.6,93.5,9.91,0.7,4,74.6
3050,3.4,56.9,7.59,6.1,6,43.2
3051,2.8,56.4,9.64,1.4,3,49.4
3052,5.3,58.8,7.04,5.4,7,53.4
3053,3.4,98.0,9.99,5.4,7,64.0
3054,3.6,84.7,7.9,4.8,3,59.6
3055,6.9,90.1,5.21,1.3,7,71.7
3056,9.7,69.9,7.93,4.5,4,84.8
3057,6.4,66.8,6.37,5.8,5,58.4
3058,1.7,61.7,5.16,3.1,4,35.0
3059,1.7,74.0,9.1,3.0,4,49.7
3060,9.6,77.6,6.38,3.2,4,84.9
3061,3.7,81.6,8.98,1.0,3,67.4
3062,1.8,62.9,6.44,5.9,6,32.5
3063,6.4,97.4,5.97,5.7,3,68.1
3064,6.6,58.5,9.87,6.5,3,68.1
3065,6.8,98.3,6.81,4.0,4,80.5
3066,3.4,50.7,8.01,5.0,6,44.5
3067,1.1,74.1,8.05,1.7,3,47.3
3068,9.7,66.7,7.8,4.5,6,79.0
3069,3.3,72.5,9.57,4.4,4,56.8
3070,7.1,78.5,8.37,5.9,3,69.2
3071,7.4,71.8,7.02,5.5,6,71.9
3072,6.5,70.7,9.31,6.1,7,71.0
3073,3.8,86.6,5.91,5.7,3,48.1
3074,3.4,84.3,7.72,5.7,3,51.1
3075,6.4,91.7,9.75,0.9,3,85.3
3076,8.8,62.5,8.13,5.6,6,79.8
3077,9.5,80.5,9.08,4.1,5,88.9
3078,2.0,79.3,8.27,2.8,3,52.5
3079,2.4,68.5,9.2,0.8,7,63.1
3080,9.5,74.3,9.72,4.6,7,91.0
3081,7.6,65.7,6.36,2.5,4,67.4
3082,8.9,57.1,5.85,3.3,5,67.1
3083,2.8,60.7,7.42,4.6,5,45.6
3084,6.3,55.3,8.51,6.0,6,68.5
3085,7.3,84.2,6.14,5.5,4,73.2
3086,7.1,83.0,5.02,3.2,6,70.2
3087,4.7,97.5,6.71,2.8,4,69.6
3088,1.1,86.5,9.84,1.9,5,59.8
3089,6.2,52.6,8.47,2.7,6,61.9
3090,3.3,94.2,7.01,1.2,4,64.0
3091,5.1,93.1,5.96,6.3,5,62.6
3092,9.6,72.2,6.78,3.9,5,88.5
3093,4.6,79.3,5.85,1.3,3,63.3
3094,8.6,98.8,5.53,2.6,6,80.0
3095,2.7,76.6,9.53,3.8,3,59.2
3096,7.1,95.3,9.99,3.7,5,88.3
3097,9.8,54.2,5.82,0.7,6,83.9
3098,1.9,59.6,5.27,6.2,6,32.0
3099,1.1,72.0,6.65,2.2,7,48.2
3100,4.9,79.2,7.31,0.6,4,69.6
3101,1.8,90.8,6.02,1.0,7,52.5
3102,7.7,99.4,6.51,4.0,7,79.1
3103,9.2,69.4,6.0,1.3,5,82.5
3104,4.9,52.4,8.87,0.8,4,66.1
3105,3.3,90.1,8.56,2.8,7,64.0
3106,4.9,80.2,8.17,4.2,7,67.0
3107,7.5,59.9,6.94,1.2,6,67.7
3108,1.1,74.7,9.55,2.4,5,51.4
3109,6.3,87.1,9.85,3.0,7,82.7
3110,6.5,88.5,5.87,1.5,4,74.5
3111,6.7,75.0,6.12,3.5,3,63.5
3112,3.2,65.3,7.63,1.0,3,58.1
3113,7.4,98.7,5.46,0.8,5,81.5
3114,1.8,83.2,7.18,3.6,3,50.6
3115,2.8,70.4,7.91,2.0,6,56.6
3116,8.9,64.0,7.61,1.1,6,85.3
3117,7.6,86.6,6.65,3.0,4,77.9
3118,1.1,62.1,7.71,6.0,5,36.1
3119,3.2,58.6,9.79,4.8,5,54.2
3120,2.9,76.5,6.03,5.4,3,48.7
3121,3.4,64.5,8.27,5.7,7,58.7
3122,3.2,81.4,5.22,6.3,7,40.3
3123,1.6,55.9,5.33,5.1,7,30.0
3124,5.1,82.7,7.76,4.2,4,63.6
3125,7.6,64.2,5.52,2.7,5,65.6
3126,6.5,50.0,5.11,1.6,3,62.2
3127,7.1,56.3,5.86,4.6,4,65.2
3128,1.7,96.7,7.82,6.5,6,50.4
3129,9.6,93.4,8.52,3.3,6,94.0
3130,8.5,61.7,6.01,4.8,6,71.6
3131,8.2,88.9,8.34,3.5,5,89.3
3132,8.4,80.4,5.91,3.1,6,79.6
3133,9.4,98.5,8.07,3.0,7,96.4
3134,5.9,68.7,7.06,3.5,6,63.9
3135,2.8,84.1,8.27,2.7,4,55.0
3136,6.6,53.2,9.98,5.0,6,72.2
3137,7.7,69.8,9.69,5.7,7,82.2
3138,7.6,98.2,5.02,5.8,6,66.8
3139,5.7,76.9,9.43,1.9,3,78.4
3140,1.6,64.4,5.33,5.9,7,30.0
3141,4.3,56.0,9.77,2.5,5,64.0
3142,9.3,85.2,6.41,2.4,6,82.3
3143,6.3,82.2,6.91,4.9,4,69.4
3144,5.8,68.7,5.46,2.3,6,62.7
3145,3.4,97.5,5.56,0.8,4,63.8
3146,4.3,51.1,8.63,2.7,3,59.3
3147,9.1,65.2,9.72,4.8,5,85.2
3148,7.0,96.1,8.05,2.5,7,85.3
3149,8.1,66.0,8.58,4.3,7,76.1
3150,5.1,62.6,8.81,4.5,5,63.4
3151,6.7,76.7,6.31,4.9,3,64.0
3152,3.2,91.2,5.23,5.9,3,49.1
3153,7.3,55.2,5.01,3.1,6,61.3
3154,4.8,97.2,6.75,1.5,3,71.9
3155,5.0,89.8,6.21,2.4,6,64.9
3156,6.8,59.1,5.31,3.1,4,60.7
3157,9.4,85.6,5.9,4.8,5,80.1
3158,1.6,69.2,5.62,0.6,4,40.4
3159,8.4,70.1,9.57,2.4,4,89.5
3160,3.6,89.2,5.7,5.2,4,51.6
3161,5.0,98.1,7.69,4.5,4,64.6
3162,1.2,56.3,7.97,4.9,7,35.4
3163,3.7,71.0,7.72,5.4,3,50.4
3164,5.5,74.0,5.5,5.2,5,57.0
3165,1.5,68.8,6.59,4.6,5,38.1
3166,5.4,68.2,5.26,3.1,4,59.8
3167,9.3,52.6,6.98,6.4,5,66.8
3168,1.9,84.3,5.94,3.9,6,46.1
3169,7.9,71.8,7.81,1.7,5,82.1
3170,4.7,59.7,8.46,2.3,4,60.9
3171,6.9,90.8,7.66,4.7,5,76.1
3172,3.3,90.1,7.17,6.0,3,52.9
3173,2.4,74.3,6.94,1.6,4,55.5
3174,2.4,64.9,9.21,1.0,7,57.4
3175,1.6,81.9,6.1,5.8,3,42.7
3176,2.7,64.4,8.67,6.0,5,49.3
3177,7.0,61.8,8.79,2.2,7,71.8
3178,8.9,86.5,7.1,2.8,3,85.9
3179,8.3,52.0,6.49,4.5,6,70.1
3180,7.2,54.7,7.35,2.5,3,70.2
3181,2.0,50.3,5.47,5.8,7,30.1
3182,3.6,57.6,5.23,1.1,6,49.2
3183,3.8,53.4,5.56,0.7,5,52.1
3184,3.2,99.8,5.94,1.8,4,59.0
3185,5.6,64.4,7.52,2.2,5,64.6
3186,5.8,57.5,9.25,1.2,4,74.1
3187,4.2,62.0,6.18,0.9,4,57.0
3188,4.2,96.8,9.68,5.0,7,68.6
3189,8.5,76.0,9.77,1.5,6,91.7
3190,8.1,68.2,9.79,6.0,6,79.9
3191,3.8,93.7,9.19,2.7,3,69.2
3192,9.2,69.7,6.82,4.5,5,78.8
3193,9.6,66.8,5.36,1.9,7,75.2
3194,3.9,60.4,7.84,1.9,5,58.1
3195,4.2,68.9,7.79,3.9,3,56.9
3196,5.6,65.8,9.25,3.9,3,70.5
3197,9.5,83.9,9.98,5.1,7,92.3
3198,8.9,64.5,7.54,5.0,3,80.9
3199,1.9,78.9,6.73,4.5,7,46.2
3200,4.5,53.3,5.93,3.2,3,47.6
3201,6.0,59.6,5.02,5.8,6,47.6
3202,5.5,70.4,7.55,4.2,7,62.6
3203,2.7,96.8,7.78,6.4,6,53.2
3204,8.7,68.9,9.12,5.4,6,75.6
3205,7.1,83.2,7.52,0.8,7,81.3
3206,8.5,62.8,9.58,2.4,5,84.3
3207,8.7,56.4,8.14,3.9,4,77.6
3208,7.7,52.9,9.2,4.8,3,78.4
3209,5.0,65.3,5.74,3.8,3,49.2
3210,6.5,57.9,9.28,5.2,5,70.1
3211,2.4,58.7,8.38,2.2,4,51.8
3212,7.1,88.0,5.85,1.6,5,74.8
3213,2.6,50.8,5.95,0.8,4,44.6
3214,7.2,77.9,9.63,3.9,7,83.2
3215,3.1,69.0,5.16,4.6,7,42.8
3216,2.1,75.3,7.31,2.5,6,44.2
3217,2.5,78.1,6.57,4.2,6,48.3
3218,1.0,65.7,8.33,0.8,7,50.3
3219,7.5,64.8,9.2,1.1,6,81.1
3220,7.6,86.7,6.8,4.7,7,77.6
3221,5.6,93.6,7.13,2.7,5,74.9
3222,2.5,59.6,9.91,4.5,3,55.0
3223,1.8,54.9,8.92,5.5,7,44.2
3224,1.2,94.9,9.49,5.6,7,59.4
3225,2.5,67.5,7.19,1.5,7,54.8
3226,9.0,77.6,6.17,3.4,6,80.5
3227,3.2,68.0,7.06,4.9,6,50.2
3228,4.2,56.3,8.58,5.1,6,53.8
3229,1.9,79.5,5.55,5.2,6,38.9
3230,3.0,76.3,6.35,1.9,5,50.0
3231,5.7,60.1,5.23,1.7,7,58.5
3232,6.5,72.6,7.16,4.0,5,70.4
3233,3.2,89.8,9.14,4.9,6,58.2
3234,1.5,79.5,5.12,2.4,5,43.2
3235,4.5,54.8,8.38,1.1,7,60.9
3236,3.1,77.4,9.66,4.8,7,58.3
3237,3.0,85.1,6.18,2.3,6,54.5
3238,9.6,89.6,8.47,1.5,7,98.0
3239,6.5,81.5,9.88,1.4,5,90.8
3240,6.0,57.6,9.81,2.4,4,70.5
3241,4.7,85.5,6.17,4.1,7,59.5
3242,4.9,83.9,5.5,2.7,5,60.3
3243,5.9,51.2,5.74,0.6,5,56.6
3244,7.3,70.6,8.51,1.1,5,83.8
3245,7.3,66.6,8.63,2.2,7,75.6
3246,2.5,83.5,8.37,4.5,4,58.0
3247,5.5,60.8,6.68,1.1,6,61.4
3248,4.7,79.5,5.85,3.9,6,58.4
3249,8.8,95.7,7.9,1.2,7,99.4
3250,6.7,89.9,7.42,1.8,7,80.7
3251,5.8,96.1,8.64,1.5,3,79.2
3252,2.0,98.9,7.21,0.9,4,57.0
3253,6.5,50.5,6.69,4.5,5,52.3
3254,2.1,81.1,6.47,3.3,5,46.7
3255,4.0,70.6,6.06,5.5,6,44.3
3256,2.3,93.0,6.33,1.1,7,56.3
3257,7.2,62.6,5.47,1.4,4,67.3
3258,2.9,99.1,6.73,2.3,6,60.3
3259,4.5,80.7,5.18,5.1,4,48.8
3260,9.1,89.7,5.93,2.3,7,84.2
3261,2.8,54.3,8.73,3.0,5,52.2
3262,5.6,59.2,6.63,2.3,3,62.1
3263,4.8,87.9,8.34,1.0,4,68.0
3264,1.2,51.1,8.58,6.1,5,37.3
3265,8.1,90.8,7.91,3.8,4,80.8
3266,1.6,50.7,9.79,5.2,4,37.6
3267,5.3,82.9,5.11,4.5,4,57.1
3268,6.0,68.3,8.69,3.6,7,76.6
3269,6.7,80.6,9.79,1.0,6,84.1
3270,7.2,84.8,9.31,4.4,4,80.9
3271,3.3,67.1,5.84,1.4,7,53.4
3272,1.1,55.4,6.63,3.0,3,33.4
3273,7.5,53.5,5.86,4.3,6,63.5
3274,5.8,79.4,8.01,5.2,7,64.0
3275,8.5,76.0,8.56,4.6,3,83.5
3276,8.4,87.1,6.59,4.5,6,80.1
3277,8.6,75.5,7.7,1.4,7,86.9
3278,5.4,71.1,8.45,2.6,3,69.0
3279,4.0,69.9,7.11,0.8,7,66.7
3280,8.1,51.3,9.27,4.8,3,74.8
3281,5.1,66.8,8.86,6.2,4,61.3
3282,2.7,98.8,5.32,2.1,4,56.0
3283,8.7,93.7,8.11,1.0,6,90.9
3284,8.9,66.5,6.18,3.4,3,73.9
3285,5.2,79.4,7.79,5.6,4,58.7
3286,1.7,92.4,9.78,3.8,6,55.6
3287,4.5,72.1,9.4,0.8,5,69.2
3288,8.2,50.9,7.02,6.3,4,64.1
3289,9.1,53.7,6.46,5.5,4,69.3
3290,2.8,75.5,6.17,1.3,7,54.3
3291,1.6,98.5,7.66,6.0,5,52.6
3292,8.9,84.7,5.57,3.2,3,83.6
3293,4.5,53.5,7.75,2.7,6,57.2
3294,5.9,59.5,5.01,3.3,5,53.3
3295,9.7,88.6,6.62,5.5,3,87.1
3296,1.6,92.1,6.1,4.5,4,43.3
3297,6.8,80.9,9.86,0.9,6,87.4
3298,1.7,82.2,8.64,6.2,6,47.5
3299,4.4,51.4,6.75,1.4,5,51.7
3300,8.2,91.4,5.46,5.0,7,73.2
3301,4.9,89.4,7.58,4.3,3,67.0
3302,10.0,63.0,6.07,1.6,5,83.5
3303,6.0,85.4,7.68,1.5,7,84.4
3304,3.9,60.7,9.18,5.7,7,52.5
3305,3.0,52.0,8.08,3.0,7,45.8
3306,4.2,60.1,8.17,4.4,6,55.0
3307,4.4,58.9,7.71,3.5,3,54.8
3308,1.6,66.9,9.64,4.9,3,42.0
3309,4.3,70.9,9.66,3.4,5,67.5
3310,5.2,75.4,7.56,2.2,4,69.9
3311,7.5,73.8,6.53,2.7,5,76.4
3312,6.9,63.5,7.3,5.7,3,65.0
3313,7.4,51.5,5.93,3.3,6,63.2
3314,1.1,80.3,8.18,1.8,5,51.0
3315,3.0,69.8,7.5,6.1,4,45.9
3316,7.0,64.9,5.52,5.3,5,58.5
3317,5.4,93.3,5.99,0.8,7,76.0
3318,1.0,87.3,7.4,6.5,4,44.2
3319,8.2,92.9,9.44,4.7,7,89.8
3320,8.0,74.7,7.83,1.5,6,81.6
3321,5.9,56.5,8.41,1.9,3,69.6
3322,1.6,84.8,6.7,4.7,5,43.4
3323,7.9,60.3,7.86,5.2,5,69.9
3324,6.3,72.1,7.24,1.9,7,71.0
3325,8.0,53.3,8.3,2.0,7,78.2
3326,7.8,91.3,5.25,2.3,3,76.3
3327,8.2,56.3,7.47,4.1,5,71.7
3328,5.7,95.2,6.48,1.5,3,77.5
3329,2.3,93.2,6.63,1.1,7,52.1
3330,7.0,73.2,9.8,4.6,7,80.2
3331,6.6,87.2,5.91,5.2,4,66.1
3332,7.7,81.0,6.56,3.5,7,74.1
3333,2.5,90.2,7.55,2.7,7,55.9
3334,2.8,71.6,9.32,3.1,3,57.3
3335,9.0,89.3,7.08,2.8,4,90.2
3336,7.7,73.1,8.72,6.3,4,74.5
3337,9.2,97.0,9.28,5.1,5,91.3
3338,7.8,74.3,6.55,1.7,6,79.6
3339,6.4,73.1,6.96,2.8,5,68.9
3340,6.9,89.3,6.78,3.8,5,75.6
3341,9.0,91.1,9.16,4.2,5,92.2
3342,6.2,77.7,5.22,3.3,4,60.2
3343,6.7,59.0,6.54,5.4,3,61.7
3344,2.4,73.4,8.4,5.1,7,44.1
3345,5.3,98.4,7.83,3.5,4,72.2
3346,7.4,87.6,7.18,5.6,7,70.6
3347,3.4,90.6,7.7,5.0,7,51.4
3348,2.8,51.6,5.99,5.2,6,37.8
3349,3.8,73.4,7.15,6.2,5,52.6
3350,3.2,82.3,7.51,2.1,6,58.9
3351,2.9,91.5,9.51,2.1,5,70.1
3352,4.8,52.5,6.3,5.8,4,47.1
3353,9.2,92.6,9.34,5.1,7,92.1
3354,5.6,77.4,8.22,6.1,6,61.2
3355,2.7,59.9,5.1,0.9,4,46.7
3356,1.7,65.9,8.62,4.3,4,47.1
3357,7.3,64.1,5.18,1.4,5,67.2
3358,4.4,76.5,9.99,3.5,7,64.1
3359,8.4,52.6,9.36,1.4,5,78.6
3360,6.9,57.9,6.49,1.3,5,71.8
3361,8.2,90.6,6.29,0.6,4,82.4
3362,3.4,56.6,6.91,4.3,5,50.7
3363,7.2,61.7,6.78,2.7,3,67.1
3364,3.4,72.7,6.86,1.1,7,56.3
3365,9.5,75.9,6.59,2.4,5,93.7
3366,6.7,88.2,8.11,1.5,5,79.9
3367,3.9,72.4,5.82,6.2,6,43.4
3368,3.4,89.5,9.23,2.4,7,65.7
3369,2.7,80.9,9.06,2.5,7,55.4
3370,7.3,55.7,7.38,5.5,5,63.5
3371,3.0,57.8,9.26,4.4,3,51.5
3372,6.4,71.9,6.24,4.8,6,65.7
3373,3.4,69.8,5.09,4.3,3,46.1
3374,7.0,87.2,8.1,6.2,5,73.5
3375,8.3,79.0,7.29,1.7,7,90.1
3376,8.0,69.4,7.84,6.4,7,73.3
3377,7.8,58.5,9.5,5.5,3,78.4
3378,2.7,61.3,9.85,4.0,4,56.1
3379,1.8,78.8,8.17,4.5,5,52.3
3380,7.3,71.2,8.82,4.4,7,79.0
3381,4.3,75.7,5.42,0.9,4,61.2
3382,4.9,58.5,5.8,1.8,7,57.7
3383,1.3,83.1,8.67,6.3,7,49.3
3384,3.3,92.6,7.16,3.7,4,56.6
3385,1.3,62.9,7.23,2.8,3,39.3
3386,8.9,74.6,6.54,5.1,5,71.5
3387,3.2,98.8,8.04,3.6,4,64.1
3388,6.0,66.7,5.93,0.6,4,70.1
3389,1.4,79.8,8.13,4.9,7,42.4
3390,7.0,54.5,5.87,4.9,4,57.0
3391,3.9,80.3,5.32,1.5,5,60.9
3392,9.1,54.5,6.65,6.2,3,71.5
3393,9.0,98.0,6.16,1.8,3,91.2
3394,3.9,85.8,9.44,3.2,3,68.4
3395,9.1,89.4,5.27,1.2,5,85.1
3396,10.0,85.2,5.88,4.1,7,80.3
3397,8.4,79.5,7.74,2.8,5,85.2
3398,8.6,72.5,7.41,2.6,4,88.2
3399,3.2,92.9,5.23,5.5,6,49.5
3400,6.2,97.8,5.04,0.6,6,70.8
3401,1.6,75.0,9.94,5.3,6,49.1
3402,1.9,96.6,8.29,3.9,3,58.4
3403,10.0,79.2,6.83,6.4,5,84.7
3404,3.9,76.9,7.35,4.0,5,61.3
3405,7.7,72.7,6.33,0.8,3,80.9
3406,8.3,60.5,6.72,0.8,4,72.2
3407,8.7,50.2,8.25,5.8,6,72.4
3408,10.0,62.1,9.41,5.5,6,81.5
3409,3.2,75.5,5.92,2.6,3,53.1
3410,1.4,69.0,9.2,4.2,6,49.1
3411,4.7,72.4,5.61,3.4,7,52.8
3412,2.2,99.0,6.07,6.3,5,45.4
3413,1.2,67.5,5.19,6.2,6,30.0
3414,4.2,72.6,5.7,6.4,6,49.5
3415,8.1,56.7,9.59,5.7,7,74.6
3416,6.1,52.4,7.3,6.0,4,54.2
3417,3.8,88.8,5.39,1.8,4,60.6
3418,6.9,78.5,9.8,5.5,7,78.3
3419,3.1,88.0,9.39,4.8,4,62.9
3420,1.1,57.5,8.77,6.3,3,31.8
3421,7.9,78.6,9.67,3.9,7,82.5
3422,6.6,62.7,6.1,1.0,5,70.1
3423,7.9,61.4,9.18,4.1,5,72.3
3424,1.4,50.6,8.45,4.6,5,33.4
3425,8.5,56.5,9.35,1.8,6,81.7
3426,6.6,65.5,8.98,2.9,7,76.1
3427,6.1,55.8,6.73,4.1,7,59.3
3428,6.6,99.3,8.87,2.7,4,85.5
3429,8.8,65.4,6.31,2.7,7,74.2
3430,6.3,56.5,6.64,1.3,7,62.8
3431,6.2,60.0,5.54,6.1,4,57.6
3432,9.9,79.4,9.68,5.0,7,93.6
3433,7.8,53.2,6.46,0.5,7,70.1
3434,5.0,93.1,7.6,5.1,3,59.6
3435,7.4,98.1,6.96,4.9,4,73.3
3436,4.5,62.3,9.8,0.6,3,66.2
3437,3.1,72.5,6.68,2.7,6,48.1
3438,6.4,51.1,8.89,4.1,4,65.7
3439,9.4,82.0,9.28,3.2,7,95.1
3440,9.4,70.7,7.18,5.2,7,79.1
3441,4.1,63.5,6.89,3.1,3,52.7
3442,5.7,60.3,8.74,1.4,3,71.0
3443,2.9,82.7,9.56,6.4,6,54.2
3444,10.0,70.8,8.77,2.0,6,88.4
3445,9.8,59.0,6.14,4.8,7,76.1
3446,6.8,84.5,9.44,1.4,5,86.0
3447,8.2,78.3,6.94,2.5,6,83.9
3448,7.4,92.9,7.88,3.2,7,84.9
3449,6.3,55.9,9.16,1.7,6,70.7
3450,1.5,89.3,5.94,3.2,4,45.1
3451,5.1,83.7,8.92,1.4,3,74.7
3452,7.1,55.8,7.98,3.9,7,69.0
3453,7.1,84.7,9.47,4.5,6,84.8
3454,4.4,72.1,5.86,0.9,3,59.2
3455,9.5,97.2,7.1,5.7,5,85.0
3456,2.5,57.1,9.16,1.6,6,57.6
3457,5.5,82.1,5.1,1.9,7,67.3
3458,7.2,69.1,5.56,4.5,4,67.1
3459,7.3,97.8,9.95,3.3,3,84.3
3460,6.8,66.5,6.4,3.5,3,66.4
3461,3.5,98.1,9.88,1.3,4,73.3
3462,2.4,95.1,5.91,5.3,7,49.0
3463,6.7,63.5,6.81,4.2,5,62.0
3464,6.4,90.2,8.76,1.3,4,85.2
3465,2.6,99.8,8.29,2.7,5,63.5
3466,7.3,62.6,7.91,5.4,7,70.8
3467,5.1,71.8,7.65,3.9,6,59.9
3468,7.0,76.0,9.22,1.2,6,83.9
3469,8.5,64.7,6.17,2.7,7,77.4
3470,2.5,50.8,7.21,2.0,5,37.7
3471,1.2,61.0,5.78,3.6,4,36.4
3472,8.0,64.1,7.98,5.6,7,70.9
3473,6.5,72.2,6.25,3.1,7,66.6
3474,7.3,58.6,6.67,3.1,6,71.6
3475,8.5,93.7,7.36,5.9,4,84.2
3476,8.2,85.2,5.13,4.0,6,72.2
3477,9.6,54.3,5.46,3.9,5,67.8
3478,5.8,82.5,8.43,2.1,5,74.6
3479,5.4,82.7,7.14,4.1,3,68.2
3480,4.6,97.8,9.32,4.0,7,76.2
3481,2.4,50.2,8.47,2.9,4,40.4
3482,6.2,62.4,5.04,6.4,4,53.8
3483,3.5,96.4,8.08,5.8,6,60.4
3484,9.3,96.6,5.47,5.0,6,84.2
3485,6.2,86.0,8.9,3.7,4,76.1
3486,6.3,88.3,9.96,3.3,6,76.0
3487,4.2,54.6,7.66,1.6,3,55.8
3488,1.5,75.7,8.41,2.3,7,48.1
3489,1.3,61.6,6.19,5.1,3,30.2
3490,4.8,59.1,7.19,3.2,5,59.3
3491,1.8,90.5,9.28,5.8,4,51.9
3492,6.5,56.8,5.84,1.4,3,65.4
3493,8.9,73.4,6.33,3.6,3,81.5
3494,8.9,96.9,7.23,4.4,6,81.3
3495,6.9,59.3,8.56,3.6,6,75.6
3496,2.9,98.9,6.88,5.8,6,58.6
3497,8.8,99.7,9.64,6.4,5,84.7
3498,9.0,77.8,5.47,1.2,3,84.4
3499,2.8,58.5,6.85,1.3,7,55.5
3500,7.6,65.8,8.54,1.3,6,76.6
3501,3.6,71.2,6.13,4.6,5,45.0
3502,8.2,65.5,8.28,2.7,5,82.5
3503,10.0,64.0,5.82,4.9,6,78.2
3504,1.3,98.6,5.28,2.9,4,46.8
3505,9.1,57.7,5.61,4.3,3,70.3
3506,6.6,86.7,9.65,5.1,6,78.2
3507,9.8,50.0,7.76,3.8,7,72.1
3508,5.2,79.8,8.98,3.7,3,65.9
3509,8.6,95.8,6.66,1.0,5,89.4
3510,1.6,64.4,7.96,3.0,7,38.9
3511,4.0,59.3,7.47,3.8,3,52.2
3512,1.6,82.6,9.73,3.3,7,55.3
3513,9.8,85.6,8.74,5.9,5,86.9
3514,8.4,84.4,8.65,5.9,6,79.4
3515,8.7,66.0,5.23,5.4,7,65.1
3516,9.4,62.6,7.75,2.8,6,82.0
3517,1.8,97.8,7.33,4.8,5,51.8
3518,4.5,96.2,9.64,2.9,5,75.8
3519,1.6,72.9,6.29,1.9,7,48.0
3520,2.9,92.3,6.35,2.6,7,55.6
3521,3.1,72.6,7.06,0.9,5,58.0
3522,5.2,71.2,6.22,2.5,7,56.7
3523,3.4,57.8,5.65,3.3,7,45.3
3524,1.9,71.3,9.29,6.2,7,45.7
3525,2.5,76.9,7.79,2.4,7,55.6
3526,2.3,51.1,9.31,5.9,3,42.1
3527,9.8,72.2,9.16,1.9,5,93.2
3528,7.8,89.1,6.41,1.6,5,79.3
3529,9.7,84.0,7.74,3.6,4,92.7
3530,5.0,81.8,5.42,4.5,6,55.0
3531,3.5,95.5,9.58,0.8,4,78.9
3532,8.2,50.9,7.02,1.8,7,69.8
3533,3.9,77.9,6.97,3.2,7,60.9
3534,3.7,89.4,6.51,2.5,3,53.3
3535,3.1,77.1,7.3,4.8,3,50.4
3536,2.2,66.2,6.26,3.6,3,40.7
3537,3.3,56.8,6.87,1.5,3,52.5
3538,4.2,94.4,9.0,5.9,3,67.0
3539,7.1,73.5,9.17,2.3,3,86.3
3540,1.6,93.9,6.52,4.9,3,44.3
3541,2.9,79.3,7.35,5.2,3,47.7
3542,8.3,83.7,9.37,6.3,3,84.8
3543,2.3,90.2,5.26,3.5,5,46.9
3544,4.1,83.0,9.45,4.2,3,63.4
3545,8.8,69.9,6.1,2.5,6,76.9
3546,2.4,75.7,8.39,4.6,3,48.5
3547,1.7,90.2,7.91,3.3,7,47.7
3548,5.4,68.7,7.76,3.1,7,69.4
3549,3.7,69.4,9.3,5.6,3,57.5
3550,6.1,54.8,5.51,0.8,3,57.0
3551,8.2,95.7,6.74,5.8,7,82.8
3552,2.2,54.6,7.69,5.6,6,39.8
3553,6.2,82.4,9.06,3.5,4,75.3
3554,5.5,70.7,6.08,3.4,5,61.7
3555,2.3,70.3,9.01,2.7,7,52.9
3556,6.6,84.0,7.0,6.5,3,62.3
3557,3.5,53.4,5.94,1.2,5,47.3
3558,5.4,79.7,8.79,4.0,3,69.1
3559,1.7,88.6,5.45,4.6,4,39.5
3560,5.1,91.4,7.57,6.1,4,65.0
3561,3.8,58.5,5.32,5.2,7,45.9
3562,8.4,94.9,6.78,4.4,5,80.9
3563,1.5,82.8,8.01,1.2,5,47.1
3564,4.8,94.1,7.78,2.7,4,69.7
3565,5.1,74.3,7.02,1.3,3,63.7
3566,7.5,77.1,7.15,5.8,7,69.8
3567,6.2,96.0,6.13,5.0,6,67.5
3568,7.0,95.0,7.28,5.0,4,72.8
3569,8.0,72.4,9.77,4.4,4,78.1
3570,8.8,63.7,9.25,3.5,7,83.9
3571,3.8,69.7,5.73,1.4,3,52.0
3572,5.8,69.4,5.15,2.5,5,65.5
3573,8.6,64.3,9.67,1.3,4,89.4
3574,9.9,63.4,7.63,4.8,7,79.6
3575,9.0,93.1,7.69,1.5,7,91.6
3576,4.3,53.5,8.9,4.7,7,54.4
3577,2.8,83.9,6.57,4.7,5,49.8
3578,5.4,58.6,7.41,3.3,4,62.1
3579,7.7,67.2,9.84,1.3,7,89.0
3580,5.4,53.1,8.36,2.4,5,63.0
3581,5.3,63.5,5.77,2.4,3,59.4
3582,8.5,88.4,5.67,4.7,6,77.9
3583,4.3,94.3,6.02,1.2,4,65.7
3584,8.7,61.1,8.83,5.5,5,76.7
3585,4.7,73.2,6.48,5.1,6,55.1
3586,4.0,73.5,5.11,1.6,6,52.2
3587,5.1,93.7,9.72,4.8,5,69.8
3588,7.9,88.1,5.85,4.5,5,78.8
3589,2.1,75.7,5.05,5.0,5,39.0
3590,2.8,83.5,6.19,1.6,7,55.2
3591,9.6,92.4,6.18,1.4,3,90.8
3592,2.6,50.5,7.11,1.9,7,47.2
3593,6.1,70.1,9.6,2.7,6,74.4
3594,6.2,95.4,9.4,5.3,6,72.7
3595,5.4,87.0,7.28,4.9,6,63.5
3596,6.8,77.1,7.05,6.1,5,67.9
3597,3.1,76.5,7.78,0.9,4,58.2
3598,6.0,67.4,6.22,0.6,7,62.2
3599,4.3,76.0,5.26,4.7,4,49.8
3600,7.0,82.8,9.7,2.2,3,79.3
3601,2.3,70.9,5.93,2.5,3,44.6
3602,6.1,85.7,5.99,3.8,7,70.1
3603,2.7,93.1,7.36,1.1,6,57.5
3604,3.5,57.7,7.46,4.4,3,50.3
3605,3.0,72.6,5.09,2.5,4,52.2
3606,2.6,70.4,5.74,4.3,4,46.6
3607,8.4,84.4,6.89,5.5,5,76.3
3608,3.6,62.5,8.42,1.5,6,56.3
3609,9.3,82.0,6.14,6.1,5,77.8
3610,9.7,93.9,7.12,3.7,7,91.2
3611,6.1,70.9,7.79,6.0,3,65.9
3612,2.3,95.6,9.44,1.7,5,65.3
3613,4.4,99.7,6.63,4.1,5,64.8
3614,8.2,55.3,5.67,2.9,7,66.1
3615,4.3,61.7,7.45,5.1,4,54.4
3616,1.8,97.5,8.73,4.1,4,52.4
3617,6.0,97.9,5.55,3.5,7,67.1
3618,8.6,54.9,7.12,6.0,4,70.6
3619,8.2,50.7,5.09,2.8,7,69.8
3620,2.6,58.1,5.17,1.8,4,44.4
3621,7.1,99.8,7.41,4.1,7,79.4
3622,3.0,59.0,6.49,4.2,4,43.7
3623,3.0,75.1,9.23,3.1,5,56.3
3624,8.9,92.4,8.01,3.4,5,88.3
3625,3.2,51.0,7.27,6.3,4,34.8
3626,3.4,80.2,7.04,4.9,7,57.4
3627,1.0,63.9,7.49,1.2,5,50.9
3628,8.8,93.1,5.2,1.8,3,78.1
3629,8.1,64.2,9.46,6.4,4,71.0
3630,6.6,84.3,9.99,4.9,3,82.5
3631,7.8,83.7,5.91,6.0,3,67.5
3632,2.4,61.1,5.6,2.3,6,46.7
3633,5.1,51.7,5.72,5.0,3,50.4
3634,4.2,70.5,8.31,4.8,3,56.5
3635,1.8,64.5,8.31,2.3,6,51.5
3636,5.4,90.4,9.24,3.8,6,74.1
3637,9.3,90.0,8.76,4.3,6,91.0
3638,1.4,72.9,7.25,3.4,7,45.4
3639,3.6,80.3,8.06,5.5,6,57.6
3640,2.9,80.2,8.44,5.5,7,55.9
3641,3.1,91.4,7.56,5.6,4,61.5
3642,9.2,71.3,7.38,5.3,7,80.0
3643,5.2,63.8,8.23,3.4,4,66.9
3644,5.2,63.3,7.79,2.8,6,66.6
3645,7.8,76.8,8.22,5.5,6,77.8
3646,2.4,72.5,8.06,3.4,4,49.5
3647,5.4,72.0,8.6,2.0,5,73.7
3648,4.9,54.6,8.21,3.5,7,59.8
3649,6.4,85.9,7.6,1.4,3,73.9
3650,10.0,60.7,8.41,4.6,6,87.3
3651,7.9,59.8,7.25,2.5,7,69.3
3652,4.6,70.6,6.21,2.1,7,60.6
3653,8.4,61.4,5.01,6.2,6,61.4
3654,2.5,79.2,7.8,5.2,4,49.7
3655,1.3,68.6,7.95,5.2,6,36.3
3656,2.8,72.4,9.86,4.2,7,54.7
3657,4.1,76.9,6.81,5.5,5,51.4
3658,5.6,60.2,6.97,5.1,4,56.3
3659,6.5,57.8,6.01,4.1,6,57.9
3660,9.2,94.0,5.35,6.3,3,78.7
3661,5.6,71.7,8.86,1.6,6,74.3
3662,5.5,70.6,6.25,6.2,7,53.7
3663,1.5,51.8,8.04,2.9,7,41.5
3664,1.3,74.9,8.44,3.7,3,48.5
3665,6.0,77.7,7.36,1.2,4,66.3
3666,4.9,77.9,9.38,3.7,7,69.9
3667,8.6,85.4,7.22,4.2,4,80.0
3668,2.4,58.9,6.42,6.5,4,30.0
3669,1.2,62.6,9.48,6.4,6,39.2
3670,5.0,90.5,9.31,6.3,4,64.5
3671,3.1,97.4,5.82,2.6,7,55.6
3672,1.4,56.8,5.13,6.4,7,30.0
3673,7.5,74.9,5.45,3.2,5,72.5
3674,2.0,60.7,6.43,5.6,4,40.2
3675,6.5,53.0,9.86,1.8,5,78.4
3676,3.5,66.3,7.79,3.5,6,50.7
3677,2.6,57.2,6.87,6.3,5,41.8
3678,4.4,85.5,9.44,6.2,4,59.9
3679,8.2,76.7,7.27,4.6,7,79.8
3680,4.5,57.2,6.58,5.3,6,50.5
3681,7.8,50.5,9.71,1.6,4,80.6
3682,2.1,90.4,9.25,4.8,6,53.1
3683,8.0,58.8,9.22,4.2,3,80.5
3684,3.1,80.3,7.56,1.0,4,57.2
3685,7.1,66.8,8.95,1.2,3,79.9
3686,6.1,79.3,5.9,1.2,5,69.8
3687,9.4,65.8,7.87,4.8,4,75.7
3688,4.5,54.3,9.92,1.4,3,66.2
3689,1.6,61.1,6.45,3.3,7,35.8
3690,1.2,59.4,8.97,2.6,5,49.9
3691,8.4,71.4,7.45,3.8,4,86.3
3692,5.7,82.9,5.2,4.7,4,57.4
3693,8.0,63.2,8.82,4.6,7,75.0
3694,3.1,50.6,5.84,3.6,7,41.5
3695,4.1,75.9,8.16,3.3,3,55.0
3696,1.3,80.3,5.43,2.9,3,46.0
3697,9.7,98.1,9.73,5.7,3,94.8
3698,7.0,79.5,6.46,2.5,6,72.0
3699,9.4,73.6,6.13,2.1,5,85.3
3700,3.4,78.7,5.65,5.0,4,47.8
3701,6.5,96.4,9.73,2.7,5,85.7
3702,7.1,91.4,8.56,5.6,7,79.9
3703,3.9,66.1,8.71,2.5,5,60.1
3704,8.6,61.9,7.5,4.7,5,71.3
3705,9.5,63.1,7.37,0.8,3,90.6
3706,9.0,75.2,5.55,2.8,7,76.9
3707,7.7,87.2,7.8,2.6,5,81.3
3708,3.5,75.2,6.23,5.4,4,48.6
3709,3.5,53.4,9.89,6.3,3,46.7
3710,9.7,86.2,8.98,3.3,5,95.4
3711,1.1,90.3,7.06,5.4,7,45.8
3712,7.4,64.5,5.76,4.7,4,69.0
3713,7.4,83.2,8.93,6.3,7,78.4
3714,6.6,71.3,5.61,5.4,7,63.6
3715,9.9,94.5,5.95,1.0,7,91.8
3716,3.8,92.3,6.06,4.8,6,57.7
3717,4.1,76.3,7.78,3.7,4,58.8
3718,1.7,84.6,8.94,0.6,7,63.0
3719,5.0,94.2,6.57,2.0,6,69.3
3720,3.3,74.8,5.42,6.0,3,46.4
3721,4.1,65.7,7.32,6.1,6,50.5
3722,8.5,87.7,8.74,5.3,3,82.1
3723,9.4,61.0,6.11,6.4,6,70.9
3724,2.7,69.4,6.1,5.3,7,41.0
3725,4.4,93.3,9.74,0.6,6,81.9
3726,9.4,86.2,9.77,2.2,6,93.7
3727,1.6,70.2,9.95,0.7,7,52.5
3728,1.8,60.7,9.04,1.1,3,53.0
3729,2.5,67.8,5.94,1.8,7,46.1
3730,6.4,64.2,6.06,3.5,4,59.0
3731,2.4,58.8,6.7,5.6,6,38.4
3732,9.7,87.2,6.59,5.7,4,83.8
3733,5.0,62.6,9.78,4.2,7,68.4
3734,5.5,72.7,8.95,6.1,7,58.4
3735,3.2,69.3,8.62,3.5,5,56.2
3736,5.2,99.1,5.93,5.8,4,66.8
3737,7.0,69.6,9.55,3.2,5,82.9
3738,7.8,54.0,9.14,2.2,4,78.5
3739,7.8,54.5,5.82,6.0,5,59.0
3740,6.2,79.5,9.36,2.8,5,76.5
3741,9.1,80.0,6.36,3.5,4,78.6
3742,8.4,70.9,5.4,2.5,7,73.1
3743,7.8,71.6,8.28,4.5,3,76.6
3744,1.5,52.7,8.27,6.5,7,36.5
3745,1.1,75.8,5.47,0.7,3,45.8
3746,2.9,75.2,6.59,5.9,4,44.7
3747,7.0,57.5,9.96,0.5,6,80.6
3748,4.7,55.2,8.39,2.7,7,62.5
3749,4.6,56.2,8.65,1.5,5,61.8
3750,9.0,55.1,6.06,5.0,7,71.8
3751,9.1,80.5,5.39,0.8,4,79.3
3752,9.2,59.8,6.38,3.8,6,76.9
3753,3.8,62.6,6.24,2.3,6,58.2
3754,7.2,58.7,6.17,1.3,7,66.7
3755,3.4,97.9,5.96,5.1,7,58.3
3756,2.7,92.7,7.87,1.8,7,63.4
3757,2.7,61.5,6.64,1.8,4,50.9
3758,4.1,66.4,9.1,2.2,3,65.3
3759,4.9,60.5,5.92,4.0,3,50.5
3760,8.5,74.6,7.32,4.5,5,73.9
3761,2.1,51.0,5.07,0.6,4,41.2
3762,7.6,83.6,7.41,2.0,6,80.9
3763,5.8,76.2,5.28,3.1,5,57.3
3764,3.6,94.9,9.89,2.5,6,69.8
3765,5.4,58.2,8.95,5.8,6,56.5
3766,3.7,90.2,7.45,5.2,7,63.3
3767,6.4,89.6,5.43,4.3,6,69.1
3768,4.9,56.4,7.96,2.5,6,57.4
3769,2.5,69.9,8.79,4.7,4,51.9
3770,2.0,58.5,5.95,5.6,7,30.7
3771,5.9,62.7,7.84,4.1,7,58.2
3772,9.1,63.2,9.07,5.2,5,79.2
3773,4.1,77.8,8.84,5.0,7,59.9
3774,7.6,70.6,9.01,3.9,3,79.6
3775,6.9,97.4,9.4,2.4,4,89.7
3776,9.4,56.3,9.69,5.0,5,81.9
3777,8.4,98.7,7.03,1.7,3,91.3
3778,6.1,61.5,7.84,5.2,6,57.3
3779,6.9,88.6,8.95,5.3,3,81.7
3780,9.1,66.9,8.49,5.4,5,75.6
3781,4.6,57.2,9.98,3.3,7,62.0
3782,3.9,92.9,5.07,1.7,4,57.1
3783,1.1,65.4,6.78,1.1,5,38.9
3784,8.4,82.9,6.41,5.0,3,77.1
3785,8.2,78.3,6.31,5.8,3,76.9
3786,1.9,73.6,6.11,4.4,5,35.7
3787,6.2,74.8,8.55,1.4,5,69.4
3788,5.2,86.6,5.42,6.1,5,53.4
3789,2.1,54.4,8.71,6.4,7,39.4
3790,9.8,83.4,8.47,3.1,5,95.5
3791,2.9,94.8,6.25,4.1,6,52.1
3792,1.6,52.9,6.26,5.2,4,30.0
3793,6.4,57.0,8.14,4.9,4,67.6
3794,7.6,85.8,8.81,6.3,6,74.8
3795,1.3,71.9,9.38,1.2,3,55.7
3796,6.9,70.2,9.26,4.0,3,71.9
3797,5.8,56.8,9.82,4.7,3,65.5
3798,1.9,75.3,7.91,5.8,3,45.3
3799,2.6,56.3,9.54,5.7,7,44.5
3800,6.1,73.8,9.04,6.4,6,68.2
3801,3.7,88.2,9.47,3.6,4,65.1
3802,9.4,62.9,5.06,5.5,6,68.7
3803,8.4,74.0,9.83,3.1,4,92.0
3804,9.9,99.6,7.37,3.0,3,96.6
3805,3.3,84.3,8.99,2.0,7,66.2
3806,9.7,92.1,5.64,5.4,5,84.5
3807,4.9,70.7,6.98,6.4,5,55.6
3808,4.1,88.4,6.36,2.0,3,63.2
3809,1.5,52.0,6.46,0.8,3,44.6
3810,1.5,56.1,5.62,5.4,6,30.0
3811,7.2,60.2,9.03,4.2,7,73.2
3812,5.1,70.1,5.05,6.3,7,48.2
3813,3.0,92.3,6.56,2.0,6,58.8
3814,6.5,67.3,5.87,0.9,7,66.4
3815,3.3,82.7,7.95,3.5,7,53.3
3816,6.2,85.5,6.27,1.0,5,75.9
3817,4.2,79.3,6.29,2.1,7,66.7
3818,8.4,67.9,7.44,1.3,3,85.3
3819,8.4,78.9,8.26,1.8,5,89.5
3820,5.3,67.1,5.61,1.1,3,62.0
3821,4.2,54.2,5.88,6.2,3,42.0
3822,4.3,99.6,6.24,2.2,6,65.4
3823,8.3,56.4,9.87,3.2,7,81.3
3824,4.0,53.6,6.99,5.9,7,43.3
3825,2.9,93.9,7.99,4.6,7,52.5
3826,1.8,65.1,6.21,4.2,7,39.4
3827,5.2,82.5,7.45,4.7,5,62.9
3828,5.3,66.5,5.37,5.5,4,55.0
3829,8.6,69.6,5.17,5.8,3,70.0
3830,3.0,63.1,7.34,4.4,4,41.1
3831,4.4,67.2,6.99,5.8,4,56.7
3832,8.3,70.5,5.68,3.7,4,70.7
3833,8.4,86.0,8.44,2.2,5,87.6
3834,4.5,75.6,9.96,5.8,4,58.4
3835,5.1,97.2,6.98,3.7,5,69.0
3836,3.7,52.1,8.12,5.9,6,47.9
3837,9.4,75.2,9.81,0.7,6,100.0
3838,2.1,79.2,9.16,2.9,6,58.5
3839,9.4,96.0,7.32,6.2,5,83.8
3840,7.2,52.5,8.69,2.0,5,68.5
3841,5.8,78.7,5.64,6.1,3,55.6
3842,1.3,92.7,7.56,6.2,4,47.7
3843,5.3,62.1,6.4,5.8,7,51.5
3844,4.7,93.8,5.81,3.9,7,58.0
3845,2.5,51.0,7.13,4.4,4,40.9
3846,6.9,86.6,5.66,5.7,7,65.1
3847,9.7,96.7,8.49,5.2,7,91.2
3848,6.1,82.9,7.28,4.3,7,66.4
3849,7.4,72.0,7.66,6.4,5,69.1
3850,1.6,52.2,5.73,4.6,5,34.7
3851,4.8,96.0,5.7,6.4,5,58.6
3852,2.0,73.5,7.92,0.8,4,48.4
3853,6.5,51.4,9.93,1.3,6,79.8
3854,9.4,84.5,5.48,3.2,7,84.6
3855,7.0,74.1,6.43,2.8,3,71.8
3856,1.7,56.2,9.35,5.2,5,44.3
3857,4.2,60.7,5.36,1.5,3,54.0
3858,6.0,53.2,9.38,6.4,7,62.5
3859,4.6,78.7,7.62,2.4,6,61.8
3860,8.5,81.1,7.04,3.1,3,83.3
3861,8.3,75.3,6.55,2.1,7,80.0
3862,6.5,90.9,6.49,4.0,7,72.5
3863,4.4,93.1,6.53,0.9,5,65.8
3864,3.3,80.8,9.42,1.4,6,69.5
3865,2.0,50.6,8.62,5.0,7,39.4
3866,4.2,84.8,8.35,1.6,6,68.1
3867,4.7,70.9,8.99,1.9,5,66.4
3868,7.1,78.3,6.29,5.3,3,64.3
3869,6.9,82.5,8.09,1.1,4,83.5
3870,1.6,67.5,7.3,3.1,4,42.4
3871,4.6,95.9,8.91,0.6,4,77.7
3872,2.6,56.7,6.55,2.6,6,40.3
3873,2.4,83.6,8.22,4.7,4,46.9
3874,8.4,50.2,9.41,1.0,3,88.5
3875,1.4,96.2,7.01,5.8,7,50.0
3876,4.8,55.6,5.33,6.0,6,42.9
3877,2.5,54.7,7.58,1.1,3,50.8
3878,8.9,66.7,6.73,6.4,6,70.6
3879,6.0,68.7,8.36,2.3,6,73.1
3880,3.1,60.7,9.76,1.0,6,57.7
3881,5.5,79.3,7.43,0.5,5,69.0
3882,7.6,72.1,7.33,3.0,7,75.7
3883,9.6,51.7,8.27,4.3,4,80.9
3884,3.0,66.0,5.52,2.5,5,44.3
3885,9.0,90.5,6.27,5.5,7,76.0
3886,9.4,84.5,9.59,4.8,4,95.3
3887,9.2,86.2,8.35,2.6,5,90.3
3888,6.7,84.9,5.07,4.9,5,63.0
3889,6.7,65.5,6.02,6.1,3,62.7
3890,4.6,55.0,8.41,1.1,5,69.3
3891,7.8,63.6,8.82,2.3,6,80.9
3892,5.8,91.6,9.2,3.3,5,80.1
3893,7.1,99.0,6.46,3.5,6,74.2
3894,4.9,74.7,9.66,3.8,7,70.5
3895,7.6,50.5,7.76,2.3,7,74.4
3896,8.4,57.0,8.48,4.5,6,72.7
3897,2.3,66.1,7.98,4.4,3,44.9
3898,8.5,78.9,5.61,4.0,3,78.7
3899,5.9,53.8,9.82,1.2,7,71.9
3900,8.6,97.2,5.61,3.4,5,86.5
3901,4.9,68.3,6.27,2.6,7,58.7
3902,4.4,95.6,9.07,3.4,7,71.0
3903,9.2,89.0,8.09,6.0,6,87.9
3904,3.3,87.8,9.19,3.4,3,69.8
3905,8.6,80.3,7.58,0.6,6,90.6
3906,5.4,81.3,6.88,3.1,7,66.4
3907,5.6,81.9,9.61,5.4,4,74.4
3908,3.8,81.4,5.18,5.2,5,52.6
3909,6.2,77.7,9.28,3.6,7,76.6
3910,3.9,99.3,6.15,2.0,6,64.9
3911,1.4,86.6,9.24,3.3,4,56.2
3912,3.4,88.8,5.7,3.9,4,48.6
3913,1.1,93.6,7.9,6.5,7,41.1
3914,9.8,60.8,9.44,4.4,3,87.5
3915,9.7,54.2,7.37,4.7,4,75.2
3916,4.6,74.1,8.73,3.4,5,64.7
3917,7.6,75.7,9.02,2.6,6,83.2
3918,4.1,91.5,8.68,5.4,6,60.2
3919,7.0,72.2,9.63,3.5,6,80.3
3920,8.2,78.5,7.23,6.5,7,67.5
3921,9.5,76.4,5.87,3.2,6,80.7
3922,4.6,51.9,5.24,0.9,6,47.9
3923,8.0,80.8,6.23,4.6,5,72.8
3924,3.4,91.4,5.72,0.8,3,62.8
3925,9.9,57.9,7.79,2.0,7,84.0
3926,1.2,79.7,5.92,2.6,7,36.4
3927,6.4,79.7,5.19,4.9,6,61.0
3928,6.9,58.2,5.18,3.5,5,58.0
3929,7.2,56.2,9.16,0.7,4,78.9
3930,2.1,99.0,7.96,4.2,6,55.0
3931,9.4,69.7,6.79,3.0,6,82.8
3932,2.6,61.4,9.47,6.0,7,51.3
3933,6.6,58.6,5.35,3.5,7,58.5
3934,3.0,83.4,9.9,4.8,6,60.4
3935,3.8,80.5,8.08,1.8,7,62.8
3936,5.9,82.2,5.92,5.1,5,64.8
3937,4.8,54.4,8.4,4.8,4,56.4
3938,2.4,94.7,8.82,5.9,4,56.6
3939,2.5,69.5,7.15,0.7,4,55.7
3940,4.8,65.7,9.31,3.2,6,59.4
3941,7.8,73.1,5.75,4.6,6,71.3
3942,9.1,69.5,6.39,1.1,6,84.5
3943,1.8,93.2,5.47,3.0,5,45.3
3944,4.5,96.5,6.05,6.2,4,61.1
3945,1.9,65.2,6.19,3.1,7,44.4
3946,1.1,93.2,9.59,6.4,7,48.9
3947,7.0,89.1,5.39,0.8,3,70.1
3948,6.4,96.5,7.14,4.8,3,72.6
3949,2.5,62.3,7.66,4.0,7,43.2
3950,3.1,78.8,9.49,3.5,4,54.0
3951,1.2,63.7,9.99,6.3,6,44.2
3952,8.5,91.2,8.77,1.3,7,98.2
3953,9.8,50.3,9.85,5.9,7,81.6
3954,2.2,78.2,8.94,4.6,3,52.9
3955,3.1,67.0,9.82,2.1,4,64.9
3956,8.8,66.1,8.54,5.9,7,78.2
3957,9.3,82.2,5.4,3.1,6,79.3
3958,4.8,92.6,7.01,5.4,6,55.3
3959,1.5,80.5,8.23,2.8,5,53.2
3960,1.4,92.7,6.75,5.6,6,45.1
3961,6.2,63.2,6.37,4.3,7,63.3
3962,4.5,76.0,7.89,1.3,7,59.0
3963,1.3,72.5,9.67,4.4,6,54.7
3964,6.2,50.6,5.17,1.6,3,56.1
3965,1.1,77.8,8.85,3.0,4,52.7
3966,8.1,83.1,8.61,1.5,7,82.6
3967,3.8,79.6,9.82,0.6,6,68.8
3968,1.4,86.8,9.65,1.8,6,56.8
3969,6.3,78.6,8.81,3.7,7,71.0
3970,4.6,53.3,7.6,3.4,5,52.5
3971,9.8,55.8,6.02,3.5,4,81.7
3972,5.9,79.8,7.73,2.0,7,71.6
3973,3.5,63.7,8.83,4.6,6,60.3
3974,7.4,54.0,9.48,4.7,5,75.4
3975,3.4,71.5,8.95,2.6,7,54.1
3976,9.1,77.7,5.98,5.8,4,74.1
3977,4.4,66.4,8.0,4.4,5,56.0
3978,5.9,86.0,6.66,4.8,6,62.8
3979,1.5,82.2,5.05,2.2,3,46.6
3980,4.8,66.6,6.0,0.5,4,63.6
3981,8.5,87.7,5.57,5.7,5,80.6
3982,8.3,82.4,9.21,5.4,7,81.7
3983,3.0,81.9,6.29,1.2,7,57.4
3984,3.0,77.7,6.42,2.7,5,51.1
3985,8.4,50.6,9.8,4.5,7,76.4
3986,9.4,84.8,6.9,4.4,5,86.8
3987,1.9,68.8,5.05,5.7,4,40.5
3988,5.1,97.1,6.42,1.3,7,74.2
3989,4.0,90.9,5.6,3.1,4,60.5
3990,8.8,79.4,5.51,1.1,6,82.0
3991,1.8,62.6,5.39,2.8,6,40.9
3992,2.9,60.2,7.97,0.6,6,58.8
3993,7.8,67.0,5.95,5.9,6,62.6
3994,1.5,73.8,6.81,3.7,7,42.8
3995,5.4,64.8,9.31,5.6,5,62.2
3996,5.0,75.7,7.12,0.9,7,65.4
3997,4.0,58.3,9.58,1.9,7,65.4
3998,4.6,98.9,7.49,2.1,4,70.2
3999,5.8,55.4,6.99,2.8,5,62.4
4000,2.5,96.6,8.75,5.3,3,58.6
4001,6.1,95.7,5.37,2.8,3,68.9
4002,8.2,76.3,5.45,1.7,5,72.5
4003,7.8,86.2,8.26,0.9,3,86.8
4004,2.4,71.8,7.43,1.0,5,55.4
4005,2.3,81.5,8.95,5.1,4,53.5
4006,3.4,67.0,9.58,3.2,4,53.6
4007,4.2,65.1,6.94,4.9,7,54.0
4008,4.7,78.9,7.98,4.6,3,60.2
4009,7.1,74.9,7.5,1.3,5,79.6
4010,1.5,79.0,9.91,1.4,4,60.6
4011,1.3,64.3,9.16,5.0,7,44.7
4012,4.5,68.3,9.56,4.8,3,67.7
4013,7.3,54.2,6.27,2.8,3,69.0
4014,2.7,52.6,8.86,1.0,3,52.5
4015,6.8,62.7,6.33,0.6,4,69.5
4016,3.3,53.7,6.04,2.2,4,46.1
4017,9.0,55.2,9.72,0.6,3,88.5
4018,9.1,90.6,5.1,1.9,4,85.3
4019,3.7,51.9,9.83,3.0,3,54.2
4020,3.1,82.9,5.75,1.2,6,59.4
4021,4.7,63.6,9.1,1.1,4,67.8
4022,3.2,93.6,6.38,5.9,5,55.5
4023,7.1,74.2,6.75,4.0,4,66.5
4024,8.4,65.3,6.08,6.1,3,64.1
4025,7.1,75.9,7.93,2.6,5,80.1
4026,8.4,69.1,6.74,4.6,7,71.8
4027,4.6,78.2,8.29,1.7,5,64.9
4028,2.4,55.7,5.08,4.2,5,39.0
4029,7.6,99.8,5.32,1.3,4,78.9
4030,4.2,71.3,5.5,0.5,5,57.8
4031,7.0,67.4,7.09,6.1,5,62.7
4032,3.4,85.5,9.07,3.8,3,64.5
4033,1.7,68.2,9.44,6.1,4,45.8
4034,9.9,91.7,6.22,2.5,3,93.4
4035,2.4,72.7,7.87,2.5,4,48.8
4036,9.9,86.0,8.84,2.9,7,96.7
4037,9.8,55.4,6.44,4.7,5,75.8
4038,8.1,92.3,7.05,3.9,4,79.3
4039,6.9,86.8,7.62,6.1,5,68.1
4040,6.2,60.6,5.67,0.7,5,64.5
4041,8.8,57.3,5.13,4.7,6,66.3
4042,3.6,65.8,5.76,2.5,3,53.6
4043,5.2,98.8,8.13,1.6,4,79.3
4044,6.6,62.8,5.37,3.6,7,58.7
4045,4.7,72.8,5.95,3.5,6,55.4
4046,4.8,51.5,6.69,1.3,3,58.6
4047,4.0,69.9,5.39,1.7,7,55.7
4048,6.1,78.6,5.96,2.9,7,69.7
4049,8.7,97.7,9.56,3.0,5,95.3
4050,2.8,75.8,5.1,2.4,3,47.7
4051,9.4,91.0,8.27,1.4,6,91.0
4052,7.2,77.4,6.92,0.5,4,75.6
4053,8.4,52.0,8.36,6.3,4,72.8
4054,6.0,65.8,7.94,6.2,6,57.9
4055,8.0,78.8,6.12,3.4,5,70.2
4056,1.1,97.5,9.24,6.5,5,51.8
4057,8.4,93.0,7.46,4.5,7,82.1
4058,1.4,61.4,9.11,0.9,3,48.6
4059,9.0,61.0,7.03,1.2,7,77.6
4060,9.9,60.1,9.92,6.0,4,80.9
4061,3.6,96.1,8.85,4.3,6,63.4
4062,2.9,92.6,9.83,5.6,3,60.1
4063,7.9,88.7,7.57,5.9,6,80.8
4064,3.3,69.6,7.37,3.2,3,52.7
4065,8.8,75.2,8.78,0.8,4,90.3
4066,1.9,73.2,9.4,1.6,4,55.6
4067,2.1,62.7,9.82,0.9,3,50.2
4068,9.8,75.3,6.62,1.6,5,86.8
4069,7.1,51.5,8.99,3.0,3,73.8
4070,8.6,56.6,6.05,1.2,4,76.0
4071,3.9,94.3,7.73,1.5,6,70.3
4072,7.1,87.6,5.9,3.2,7,76.3
4073,6.3,71.1,6.74,2.5,6,63.1
4074,6.4,75.9,9.66,3.3,4,75.2
4075,7.1,68.5,5.73,3.1,6,70.1
4076,6.2,87.0,8.16,4.4,5,73.1
4077,4.9,89.2,7.96,6.1,5,62.5
4078,3.5,88.2,5.6,1.1,3,61.7
4079,7.9,86.1,6.63,1.1,6,80.6
4080,3.0,60.2,7.81,5.6,6,43.1
4081,7.2,66.9,5.94,3.5,4,64.5
4082,3.1,73.5,9.0,5.1,3,50.4
4083,6.6,66.5,9.86,1.8,3,78.3
4084,7.7,87.7,6.07,5.5,6,72.6
4085,3.0,66.5,5.93,6.0,7,37.6
4086,1.5,56.9,7.27,4.3,6,37.5
4087,2.2,70.0,8.74,1.1,6,54.2
4088,6.5,99.0,6.41,5.9,6,69.4
4089,8.6,61.3,5.1,5.3,5,70.4
4090,1.4,80.6,7.71,5.0,3,44.6
4091,7.6,71.6,9.78,0.7,5,87.7
4092,4.1,53.6,6.96,5.3,7,53.0
4093,5.3,74.4,7.1,1.3,4,66.0
4094,9.4,85.1,9.84,1.8,7,100.0
4095,4.0,75.7,8.47,4.0,3,58.5
4096,5.2,93.6,8.6,2.1,4,78.0
4097,1.1,64.4,7.81,4.5,7,36.5
4098,1.7,54.3,9.87,4.1,3,45.2
4099,3.3,96.8,8.44,1.1,7,67.0
4100,1.3,68.9,9.48,4.4,4,43.7
4101,6.7,78.8,8.5,6.0,4,64.3
4102,4.8,89.6,8.68,1.5,7,75.1
4103,5.9,66.2,6.45,4.1,5,58.6
4104,2.6,85.8,6.52,2.6,7,52.3
4105,3.7,56.8,8.91,3.3,7,55.3
4106,7.0,64.6,6.48,2.2,7,65.0
4107,9.7,57.2,7.81,2.6,5,82.7
4108,1.5,90.6,6.25,0.7,6,46.7
4109,9.0,61.1,9.08,6.4,4,76.4
4110,6.2,85.9,5.55,4.2,3,69.5
4111,6.1,97.2,9.15,3.5,4,78.5
4112,5.5,76.4,8.01,2.8,4,65.4
4113,1.6,77.0,5.93,3.7,6,40.0
4114,1.8,73.1,7.71,2.8,4,53.2
4115,6.4,66.3,6.41,2.7,4,64.4
4116,4.1,73.8,6.62,3.3,5,51.3
4117,9.3,80.1,6.76,2.2,5,80.9
4118,4.7,99.3,5.32,1.6,5,64.8
4119,2.3,96.9,9.93,3.8,5,65.2
4120,7.4,93.1,5.16,5.6,5,70.5
4121,3.6,94.5,8.31,1.4,3,71.8
4122,5.7,73.4,6.86,0.7,6,71.6
4123,7.3,82.9,8.23,2.0,7,82.1
4124,9.1,94.8,6.78,6.4,5,73.6
4125,8.1,69.6,8.37,5.5,6,79.6
4126,7.1,98.1,8.65,4.1,7,78.3
4127,7.1,70.8,8.45,6.1,4,76.8
4128,9.5,80.1,5.57,3.2,4,79.5
4129,3.7,85.5,8.28,6.4,6,54.0
4130,1.0,97.5,6.4,2.3,3,47.3
4131,3.4,62.2,5.14,1.9,3,47.3
4132,3.0,87.3,7.07,4.3,6,49.7
4133,7.0,76.0,7.17,2.8,3,71.1
4134,6.7,63.4,7.34,4.3,3,68.7
4135,6.3,88.8,8.52,2.3,4,83.1
4136,1.1,77.6,6.54,4.2,3,36.7
4137,7.6,83.0,6.58,2.2,3,79.2
4138,3.9,66.1,5.3,0.8,6,52.1
4139,7.0,74.1,8.43,6.0,3,72.0
4140,6.0,80.9,7.84,5.8,5,63.5
4141,4.1,70.2,6.75,6.3,5,51.4
4142,2.2,59.9,8.53,4.8,6,44.6
4143,1.8,98.1,7.69,4.6,5,50.8
4144,8.5,75.6,7.35,3.9,4,79.3
4145,9.3,86.7,7.56,1.3,6,96.9
4146,6.8,70.6,8.18,1.6,3,76.2
4147,1.9,67.8,8.3,2.2,5,51.2
4148,4.6,70.4,6.44,5.8,4,52.1
4149,7.6,70.5,5.7,1.5,6,73.5
4150,8.0,77.2,5.78,6.0,6,72.2
4151,2.1,77.2,8.2,3.6,3,53.6
4152,1.0,74.9,9.36,4.8,7,41.9
4153,7.4,56.7,7.05,1.2,5,74.4
4154,4.2,74.8,5.85,2.1,4,61.6
4155,3.3,58.5,8.78,6.3,6,47.1
4156,1.1,56.3,9.16,2.1,5,48.2
4157,5.9,96.6,9.4,2.3,4,73.8
4158,8.7,80.2,8.03,1.7,4,85.4
4159,9.6,83.0,9.3,1.3,6,100.0
4160,6.1,70.1,5.08,1.9,5,65.3
4161,5.6,95.4,5.54,4.4,4,65.1
4162,1.8,81.9,5.46,3.2,6,49.1
4163,5.9,88.5,8.56,3.8,5,70.8
4164,4.4,68.4,5.35,1.2,5,60.0
4165,6.5,98.0,7.48,5.3,6,71.2
4166,4.5,91.0,7.36,5.2,5,61.8
4167,3.2,92.7,6.55,0.6,7,57.4
4168,1.9,58.6,9.35,2.8,4,48.4
4169,3.8,63.5,5.85,0.9,4,57.8
4170,1.9,64.3,6.76,5.3,5,36.9
4171,2.6,63.5,8.87,4.9,6,50.3
4172,9.9,92.8,5.15,5.9,3,79.5
4173,5.0,51.6,8.36,1.9,5,63.1
4174,5.8,53.8,9.08,3.2,3,68.2
4175,8.9,63.7,9.66,1.6,5,87.4
4176,10.0,60.0,9.38,2.7,3,88.1
4177,6.2,61.6,6.6,3.6,5,60.9
4178,8.3,89.9,7.93,0.8,6,89.4
4179,3.9,78.2,5.39,4.8,3,43.5
4180,3.8,50.3,6.29,3.8,7,46.4
4181,4.6,71.5,5.47,5.5,6,51.0
4182,7.1,70.4,6.58,2.1,5,66.8
4183,7.1,55.7,9.38,5.9,3,71.1
4184,3.8,83.8,6.74,6.5,4,50.2
4185,2.2,85.1,7.81,6.0,6,48.9
4186,6.7,86.0,7.17,5.2,3,69.7
4187,2.2,86.4,7.29,5.4,6,49.0
4188,6.2,50.0,9.85,3.9,3,68.1
4189,7.2,97.7,6.48,1.6,4,84.2
4190,7.3,90.7,8.14,4.6,7,78.9
4191,7.8,95.2,7.1,4.8,4,81.5
4192,8.9,50.8,5.31,6.4,5,67.1
4193,5.5,96.7,7.45,3.7,6,71.2
4194,7.6,90.5,9.07,2.1,7,87.4
4195,6.6,91.9,5.49,4.6,6,69.5
4196,2.7,54.7,5.35,6.4,3,30.0
4197,1.2,86.9,5.77,1.6,5,43.6
4198,3.6,98.0,8.82,2.5,5,66.1
4199,5.0,83.9,8.62,3.8,6,70.1
4200,6.6,78.5,7.83,1.5,5,77.5
4201,8.6,97.3,7.34,0.6,6,96.8
4202,2.8,72.1,9.44,2.5,3,62.6
4203,2.1,80.0,8.83,5.7,3,43.7
4204,9.7,73.8,9.06,0.8,6,91.2
4205,2.0,96.6,9.07,3.1,4,60.1
4206,5.3,53.8,8.21,5.1,4,52.4
4207,6.3,75.1,7.29,6.2,3,57.6
4208,5.9,84.3,9.32,6.4,7,67.7
4209,1.8,89.6,9.63,3.0,4,52.5
4210,1.5,79.2,5.12,6.2,6,31.1
4211,1.9,95.4,5.26,0.7,3,54.6
4212,6.3,97.1,9.79,5.0,5,78.5
4213,5.9,53.2,6.39,4.4,5,60.3
4214,3.1,70.1,9.37,2.0,4,58.9
4215,6.7,51.2,6.94,3.5,7,64.3
4216,8.4,66.5,5.6,1.3,4,74.6
4217,1.4,76.8,5.4,5.7,7,34.2
4218,5.5,95.5,5.78,2.6,4,67.1
4219,7.2,92.3,6.25,4.3,5,75.5
4220,3.3,56.4,7.44,1.5,7,54.9
4221,3.8,54.7,8.51,1.7,5,63.7
4222,6.5,79.5,9.93,6.5,6,73.2
4223,9.1,76.6,7.21,5.0,6,81.8
4224,8.3,63.3,7.59,6.3,3,67.6
4225,6.2,95.0,7.61,2.3,5,79.8
4226,7.6,96.4,7.7,1.5,5,87.1
4227,4.3,70.1,7.59,3.5,3,50.3
4228,6.8,94.5,5.04,3.5,6,67.9
4229,5.2,69.2,5.01,1.5,6,52.6
4230,2.7,86.8,5.49,4.9,7,44.0
4231,7.3,73.8,5.51,2.7,7,70.7
4232,6.0,56.1,8.52,1.6,6,68.3
4233,4.2,96.4,6.02,2.5,4,64.8
4234,9.2,72.7,9.47,3.9,5,81.4
4235,1.2,86.7,9.64,4.9,7,54.0
4236,3.8,68.4,9.88,3.4,4,63.1
4237,1.5,50.9,9.7,3.7,7,40.7
4238,7.9,55.0,6.36,1.3,3,72.4
4239,7.3,74.8,7.55,6.0,5,76.2
4240,4.0,84.5,5.88,6.1,7,55.2
4241,7.1,66.7,9.03,4.6,6,78.4
4242,4.6,84.8,9.44,0.6,3,74.9
4243,7.8,84.9,9.26,3.7,3,88.3
4244,5.1,85.2,7.17,4.3,6,67.9
4245,4.7,74.6,8.79,6.5,3,56.1
4246,9.4,95.7,5.49,6.5,5,83.1
4247,3.3,74.5,5.2,5.6,7,46.4
4248,2.1,72.5,8.77,0.9,3,54.7
4249,6.3,60.0,7.13,6.2,5,58.8
4250,9.7,65.4,9.98,4.2,6,93.7
4251,4.4,52.1,5.49,5.3,7,43.3
4252,1.6,81.7,9.28,2.9,6,57.2
4253,4.1,62.4,7.4,2.4,7,55.2
4254,5.6,65.2,9.14,3.3,3,65.1
4255,2.5,88.5,9.09,1.4,3,59.9
4256,6.9,66.4,9.58,2.6,7,77.1
4257,10.0,62.1,6.49,5.6,5,78.2
4258,5.1,58.5,9.75,0.7,5,65.6
4259,4.2,88.7,5.76,1.4,5,67.9
4260,4.6,56.5,5.41,1.3,4,56.8
4261,2.0,72.7,7.16,2.9,5,49.0
4262,8.9,75.3,9.14,6.5,3,84.0
4263,4.7,84.4,7.37,1.5,4,66.0
4264,4.5,81.7,9.15,1.4,5,67.2
4265,6.9,90.5,8.65,6.0,3,76.8
4266,5.0,52.2,6.05,5.8,4,50.3
4267,6.8,64.8,9.74,0.7,3,79.8
4268,1.6,64.0,5.3,5.0,7,30.3
4269,8.3,57.3,9.49,4.4,3,76.7
4270,9.5,64.5,6.52,5.1,4,77.7
4271,6.8,65.5,7.5,3.5,5,71.0
4272,9.6,76.1,7.11,6.4,4,84.8
4273,2.4,83.2,5.86,0.8,5,54.3
4274,5.3,69.1,6.79,1.9,5,61.3
4275,6.4,86.0,5.96,2.9,6,69.0
4276,6.2,66.8,6.02,3.2,7,59.6
4277,4.6,64.5,5.94,6.0,6,51.5
4278,4.0,77.1,7.45,3.9,4,54.3
4279,2.1,51.2,8.99,0.8,6,49.5
4280,4.5,54.0,7.84,2.9,5,57.9
4281,2.5,70.9,9.47,3.0,4,61.0
4282,7.6,97.1,8.18,6.3,6,87.6
4283,2.9,86.1,8.45,4.1,3,53.5
4284,1.5,54.4,8.34,4.3,7,42.2
4285,6.0,92.3,7.25,4.8,3,69.8
4286,6.4,86.6,8.45,5.1,4,72.4
4287,8.8,80.5,5.35,4.3,6,74.8
4288,6.2,91.0,9.3,1.9,5,78.7
4289,4.1,70.2,8.89,5.7,6,61.8
4290,8.2,61.1,6.23,4.9,4,62.0
4291,5.9,75.6,8.84,5.0,4,68.3
4292,1.7,77.4,5.06,6.5,4,38.4
4293,6.1,76.9,6.09,5.3,4,61.9
4294,9.2,78.3,5.33,5.5,6,72.5
4295,4.6,97.4,8.9,6.2,3,64.6
4296,3.7,95.1,8.78,1.4,5,73.2
4297,2.3,93.8,9.07,3.5,5,58.9
4298,2.4,90.1,5.02,4.0,7,46.0
4299,4.9,97.2,7.51,2.5,4,73.1
4300,6.4,54.9,8.52,5.5,4,65.8
4301,1.7,63.3,5.78,5.1,4,33.0
4302,9.5,74.8,8.25,4.8,3,81.0
4303,7.8,92.3,5.42,6.5,4,66.9
4304,6.3,75.3,5.91,2.1,7,71.8
4305,8.5,87.4,7.38,4.9,7,81.3
4306,1.7,56.9,8.27,3.8,3,39.0
4307,5.3,62.6,5.73,2.4,4,54.9
4308,6.7,86.6,5.93,1.5,6,77.8
4309,8.5,58.2,6.02,5.9,6,66.5
4310,8.1,67.6,6.19,4.1,5,66.1
4311,3.5,63.2,6.13,5.4,3,40.7
4312,9.5,67.5,6.98,3.8,6,84.5
4313,2.1,85.4,8.27,1.8,5,55.6
4314,8.9,68.4,7.19,2.5,7,87.9
4315,9.7,77.8,8.88,2.8,5,98.6
4316,2.6,55.0,8.6,6.3,4,47.2
4317,7.5,90.3,5.63,0.5,4,82.0
4318,1.4,68.5,5.24,6.4,7,33.6
4319,4.6,82.4,9.39,6.4,3,62.9
4320,5.6,86.3,5.4,6.5,4,57.0
4321,6.2,60.5,5.74,3.4,4,56.0
4322,9.4,94.2,5.11,6.3,5,77.9
4323,7.1,80.8,8.14,2.9,5,74.6
4324,5.3,71.4,7.91,0.7,5,70.3
4325,8.3,59.1,9.93,1.8,6,81.8
4326,9.6,97.1,9.43,6.2,7,90.4
4327,1.2,87.8,7.05,0.6,3,44.6
4328,9.8,60.4,6.86,3.8,5,77.8
4329,1.8,66.9,6.48,1.0,3,44.4
4330,8.3,90.5,5.76,2.2,5,80.6
4331,3.5,84.8,5.69,1.0,4,61.6
4332,2.2,88.3,5.66,5.7,3,42.9
4333,5.0,72.1,5.57,4.0,6,58.1
4334,6.8,85.8,6.2,5.9,5,69.4
4335,4.4,69.3,6.53,4.6,7,57.4
4336,1.5,60.6,9.81,6.3,4,39.8
4337,6.4,81.6,7.89,3.6,5,69.4
4338,9.1,98.8,9.94,4.3,3,96.0
4339,4.4,65.5,6.86,4.0,5,51.1
4340,2.9,73.0,7.29,3.4,4,50.8
4341,5.0,83.7,6.62,5.6,7,55.9
4342,1.4,77.1,5.91,4.4,7,35.4
4343,8.4,92.2,5.72,5.3,7,77.3
4344,8.4,88.1,9.73,5.2,4,92.8
4345,6.3,52.9,9.93,1.6,5,73.2
4346,4.2,99.9,5.22,4.4,4,58.7
4347,8.2,87.6,5.75,1.7,4,81.3
4348,6.0,93.2,7.12,4.0,5,71.2
4349,8.4,82.6,5.93,4.6,6,79.7
4350,6.7,92.8,6.82,6.5,7,68.0
4351,8.1,55.6,5.65,0.7,3,63.0
4352,6.4,67.4,7.28,1.0,3,69.4
4353,4.7,93.8,6.36,1.0,5,69.0
4354,9.6,60.1,6.76,2.9,3,80.2
4355,5.9,53.9,5.47,5.4,6,50.6
4356,6.4,89.4,7.14,5.6,4,67.5
4357,3.0,91.8,9.92,4.9,7,62.8
4358,6.6,58.1,6.64,5.9,3,64.7
4359,6.1,92.7,9.38,2.4,3,80.7
4360,2.7,84.3,9.22,1.0,5,70.9
4361,1.5,76.0,9.76,0.8,5,59.4
4362,6.4,91.5,8.95,5.6,4,73.1
4363,7.9,71.0,8.3,4.9,7,78.5
4364,5.7,59.7,9.28,4.7,3,57.5
4365,3.0,64.2,5.38,2.5,4,45.4
4366,7.0,75.3,7.31,2.8,7,75.5
4367,1.7,76.6,9.95,6.2,4,50.5
4368,5.0,90.3,8.85,0.9,3,78.8
4369,2.5,89.6,9.81,5.1,5,60.8
4370,2.7,79.1,8.9,2.4,5,60.0
4371,2.8,89.0,9.37,0.7,5,69.6
4372,4.5,59.6,8.53,5.0,6,54.3
4373,1.5,52.5,8.8,2.5,4,48.2
4374,4.6,93.7,7.62,4.8,3,63.0
4375,5.6,53.8,9.62,4.7,4,67.1
4376,5.3,62.3,9.13,3.7,5,65.1
4377,4.4,84.8,9.22,5.2,4,65.4
4378,8.6,70.5,8.37,4.0,7,83.9
4379,2.3,93.8,6.52,2.2,4,59.3
4380,5.6,64.9,5.18,4.9,6,53.3
4381,1.6,50.6,9.68,4.0,6,44.9
4382,1.6,65.0,7.93,0.6,5,42.3
4383,6.2,78.9,6.49,5.9,3,59.7
4384,6.1,68.8,5.75,3.8,7,56.3
4385,8.9,76.7,9.15,5.7,3,82.3
4386,6.0,93.8,9.18,5.8,3,72.1
4387,9.6,95.6,9.07,3.2,7,95.1
4388,1.4,63.3,8.23,3.5,6,40.6
4389,1.9,73.1,6.83,3.0,5,47.5
4390,1.4,77.5,6.52,3.2,4,38.0
4391,2.7,97.5,5.04,5.9,6,42.8
4392,5.9,99.9,9.17,5.2,5,76.7
4393,6.8,61.8,5.44,1.3,6,69.2
4394,1.4,86.3,8.15,4.2,7,46.1
4395,9.5,68.9,7.52,6.5,3,80.9
4396,8.6,50.4,7.63,4.1,7,64.6
4397,3.7,50.5,9.63,5.2,4,52.1
4398,1.7,73.0,5.16,5.1,7,36.6
4399,2.5,74.4,8.87,2.6,3,53.3
4400,2.1,51.1,5.26,2.7,6,32.3
4401,2.1,84.3,5.19,4.8,5,42.1
4402,5.7,64.7,7.15,3.5,4,62.3
4403,3.2,78.0,5.32,3.9,6,45.1
4404,4.2,65.0,8.95,4.8,5,56.9
4405,9.9,58.4,7.65,5.2,3,77.8
4406,7.2,70.4,5.15,2.1,7,72.1
4407,9.5,61.6,5.2,1.4,6,80.8
4408,2.3,76.7,8.06,2.3,5,54.7
4409,4.4,59.9,9.03,3.5,5,65.7
4410,6.0,75.4,7.19,2.6,7,72.1
4411,1.7,57.9,7.77,3.9,6,45.1
4412,1.0,83.5,9.0,0.8,6,60.2
4413,7.0,87.7,8.05,3.6,3,77.8
4414,6.8,55.5,6.12,2.7,6,60.0
4415,4.7,73.4,8.07,3.7,7,57.0
4416,5.4,53.5,8.14,3.0,6,63.7
4417,4.7,79.9,8.67,2.2,3,66.2
4418,1.2,63.2,8.1,5.9,5,47.4
4419,4.0,76.4,9.85,1.6,6,66.7
4420,2.6,75.9,5.99,4.6,7,41.5
4421,1.9,96.2,9.76,6.0,6,58.0
4422,9.6,77.5,7.69,3.7,4,89.3
4423,6.4,79.1,8.36,5.8,3,74.6
4424,7.6,70.1,5.5,1.2,5,72.4
4425,3.8,97.5,6.9,3.5,4,65.4
4426,4.5,88.9,8.85,3.2,7,68.8
4427,3.1,64.3,8.53,0.5,6,61.0
4428,1.9,92.2,5.2,3.2,3,45.7
4429,2.6,71.6,7.73,2.7,6,58.0
4430,8.2,91.4,5.44,4.5,6,82.5
4431,7.1,91.1,9.98,6.1,6,77.0
4432,5.9,59.4,9.49,1.0,6,77.6
4433,5.3,85.1,5.11,2.5,3,59.6
4434,9.3,64.5,9.29,3.2,4,90.8
4435,1.7,64.9,9.6,3.2,7,55.3
4436,3.5,64.8,6.77,5.1,4,44.2
4437,4.1,86.3,8.6,3.2,3,62.1
4438,8.0,61.5,7.21,0.7,7,77.2
4439,9.9,50.0,8.28,4.8,5,83.2
4440,3.2,85.8,6.7,5.8,4,51.7
4441,8.9,58.6,6.61,3.6,3,74.0
4442,8.5,55.2,7.12,4.0,3,74.6
4443,3.0,61.9,5.73,1.5,3,46.9
4444,4.6,69.0,9.16,1.8,7,68.0
4445,4.7,73.8,6.74,1.9,6,63.7
4446,9.8,52.2,7.0,3.1,5,80.9
4447,2.6,98.5,9.47,6.1,7,63.8
4448,8.2,85.8,7.48,3.6,7,78.4
4449,4.0,66.2,7.72,1.7,4,62.5
4450,7.6,65.9,9.78,2.1,5,80.1
4451,4.8,72.4,9.43,2.8,3,67.2
4452,6.2,81.3,5.85,4.2,7,64.1
4453,8.5,57.3,7.37,3.1,5,74.3
4454,8.2,59.4,9.86,2.9,4,78.6
4455,8.8,93.0,6.86,3.9,6,83.3
4456,1.5,62.8,6.86,2.0,5,43.7
4457,7.2,69.0,5.98,1.0,3,72.2
4458,2.3,93.6,5.57,0.6,7,59.5
4459,4.7,83.2,8.7,2.0,6,70.2
4460,5.9,67.1,8.85,1.0,4,74.2
4461,4.6,84.2,9.85,2.5,3,73.4
4462,5.7,51.0,8.87,5.1,6,59.8
4463,10.0,86.8,6.22,4.8,4,86.5
4464,2.2,74.4,5.2,4.2,3,39.0
4465,7.1,90.7,9.93,5.6,7,77.8
4466,4.6,97.7,6.7,2.2,4,67.8
4467,2.2,96.3,6.56,5.8,6,49.1
4468,2.4,95.5,9.53,2.9,3,63.9
4469,9.5,75.6,7.93,2.9,5,85.5
4470,8.9,68.0,6.07,2.9,3,77.8
4471,9.2,73.3,9.45,1.1,6,96.2
4472,9.9,84.5,9.97,6.4,6,92.6
4473,2.9,94.2,5.43,1.3,5,54.3
4474,4.2,60.3,9.31,2.5,6,62.2
4475,7.0,95.9,6.95,2.4,3,84.9
4476,5.4,90.8,7.62,0.9,4,72.2
4477,4.8,98.9,9.57,1.4,3,82.9
4478,4.2,94.0,9.87,0.8,6,70.5
4479,6.3,64.0,6.31,2.3,5,63.4
4480,6.2,55.3,6.06,5.7,5,53.1
4481,2.5,55.6,5.4,2.5,7,43.6
4482,5.2,64.6,7.81,1.2,5,71.7
4483,6.0,80.7,5.07,4.4,5,64.0
4484,6.1,90.2,7.06,6.5,6,67.3
4485,2.9,95.0,5.37,1.9,4,58.5
4486,7.7,81.2,7.03,2.2,4,75.5
4487,1.2,50.3,5.2,6.3,6,30.0
4488,4.2,59.3,9.18,1.6,5,59.8
4489,8.0,55.0,6.05,3.6,3,65.2
4490,6.1,68.2,6.64,1.9,4,68.3
4491,3.4,75.1,9.35,6.1,6,51.7
4492,7.3,52.2,8.73,6.4,3,69.2
4493,6.1,67.4,6.1,5.4,5,58.2
4494,8.2,59.0,5.36,2.4,6,66.1
4495,7.6,82.4,8.58,2.9,4,87.2
4496,6.5,73.2,6.95,2.0,3,70.5
4497,5.4,74.8,8.83,5.8,3,63.8
4498,2.2,71.4,7.23,6.0,4,41.4
4499,3.4,97.8,6.73,3.0,3,51.8
4500,4.8,60.7,7.26,4.4,4,59.0
4501,6.4,75.8,8.74,1.5,6,78.0
4502,5.6,86.8,9.51,3.1,7,76.8
4503,3.6,77.8,5.25,4.3,5,50.5
4504,1.1,96.5,7.62,2.8,6,50.8
4505,5.5,68.9,5.16,2.6,5,55.1
4506,3.6,73.2,7.34,0.5,5,58.2
4507,7.6,54.4,9.43,5.3,4,74.6
4508,1.2,80.4,6.81,5.8,7,38.9
4509,6.3,64.4,9.66,6.3,5,70.2
4510,9.5,58.0,8.15,4.8,5,83.3
4511,2.6,77.2,9.67,3.8,6,60.2
4512,5.2,76.6,8.79,2.1,7,74.9
4513,1.8,53.8,5.52,6.5,7,30.0
4514,6.6,84.9,6.16,4.0,5,70.8
4515,6.0,81.2,6.97,4.6,7,64.7
4516,4.7,59.5,5.85,4.6,6,46.4
4517,5.7,73.5,7.47,5.6,4,63.1
4518,9.1,86.0,7.36,0.6,5,94.4
4519,2.8,76.5,9.78,1.8,3,61.7
4520,1.2,69.8,7.17,4.5,5,39.6
4521,8.8,66.1,8.93,5.9,5,80.9
4522,6.2,80.5,9.71,4.6,4,73.2
4523,9.0,97.0,9.38,3.0,3,98.7
4524,6.4,83.6,6.04,2.7,3,67.1
4525,8.3,53.7,7.48,4.9,3,71.5
4526,4.9,73.0,6.74,4.9,4,53.2
4527,7.7,94.5,7.0,4.1,7,83.7
4528,9.2,54.7,6.8,2.2,3,80.5
4529,6.1,99.4,9.13,6.1,7,81.5
4530,2.6,97.5,7.26,3.8,6,53.6
4531,3.4,53.9,7.62,5.2,4,47.6
4532,2.8,96.7,9.91,1.8,7,69.1
4533,3.2,68.2,5.3,2.6,3,42.8
4534,3.8,92.2,7.44,5.7,3,57.9
4535,6.0,70.9,8.87,0.8,7,78.0
4536,6.3,72.0,5.76,3.6,7,69.1
4537,4.8,81.7,8.06,3.4,6,64.4
4538,6.5,88.7,6.2,5.0,4,69.1
4539,1.7,51.7,9.34,2.2,5,48.6
4540,1.8,79.7,6.64,1.8,6,48.7
4541,2.5,59.3,6.65,6.1,6,37.7
4542,5.7,67.3,7.99,3.9,6,67.1
4543,2.9,67.4,5.92,1.1,3,50.0
4544,3.5,73.5,6.42,1.7,7,54.7
4545,4.6,66.7,7.08,6.5,4,49.7
4546,8.3,55.4,6.77,1.7,3,70.5
4547,1.1,57.3,7.62,4.2,6,40.0
4548,6.8,51.7,8.0,3.0,4,66.0
4549,7.0,73.5,7.83,5.8,3,72.6
4550,8.2,97.7,8.27,5.0,5,88.9
4551,9.4,55.8,6.54,4.1,6,82.4
4552,1.2,97.3,5.63,0.6,3,52.2
4553,2.4,86.7,8.8,5.8,3,54.5
4554,9.0,81.9,9.25,3.2,6,92.8
4555,5.1,82.3,6.29,6.1,5,57.6
4556,6.1,91.3,7.04,3.5,7,75.6
4557,7.0,55.3,7.49,4.7,5,64.4
4558,7.1,75.2,7.67,0.9,6,80.9
4559,9.4,84.9,8.3,5.0,7,87.0
4560,10.0,79.3,5.21,2.5,3,80.5
4561,7.5,91.6,8.61,2.6,5,87.8
4562,3.6,53.6,5.31,1.2,5,39.4
4563,8.9,84.5,7.34,1.4,7,90.7
4564,1.4,76.7,9.14,1.6,3,57.5
4565,3.1,69.0,7.26,2.5,5,54.7
4566,9.1,67.0,5.75,5.9,7,68.7
4567,3.3,81.0,9.93,2.7,5,69.8
4568,3.0,94.5,9.45,4.8,3,67.5
4569,2.2,74.8,8.86,1.0,3,60.0
4570,8.7,91.2,7.06,4.0,4,89.6
4571,5.5,70.1,5.92,3.4,7,65.8
4572,7.1,55.1,9.71,6.4,6,66.4
4573,3.2,53.1,7.66,5.6,5,41.0
4574,7.8,52.6,9.26,3.2,3,78.4
4575,7.8,69.0,6.71,5.2,5,60.0
4576,3.8,66.9,6.68,1.7,5,55.0
4577,4.7,85.9,9.93,3.9,6,69.3
4578,2.9,87.1,7.61,0.9,3,61.1
4579,9.8,52.5,5.7,2.6,4,73.0
4580,6.8,61.1,6.1,1.9,7,66.4
4581,9.4,63.7,7.41,4.8,5,80.6
4582,3.7,77.4,5.21,3.4,6,55.7
4583,8.0,57.2,7.31,5.0,6,70.5
4584,7.9,56.7,7.09,3.6,7,65.3
4585,7.2,97.2,8.9,1.0,7,90.1
4586,9.7,90.2,6.77,4.9,3,90.3
4587,4.5,59.0,9.91,5.5,5,58.3
4588,2.2,70.3,5.9,5.9,5,40.0
4589,7.0,67.8,7.95,3.9,7,75.0
4590,7.6,89.6,5.45,5.0,4,71.7
4591,6.2,75.5,8.67,5.0,5,70.7
4592,2.9,56.4,9.97,1.4,6,60.3
4593,5.5,86.9,9.1,1.5,7,76.6
4594,3.8,69.8,7.78,0.9,5,60.9
4595,4.8,63.1,7.42,2.4,3,57.8
4596,6.8,68.8,9.18,3.3,7,74.1
4597,7.7,74.9,9.68,6.5,6,79.4
4598,3.1,67.2,9.95,3.1,3,60.9
4599,4.6,62.1,6.98,4.9,7,49.4
4600,3.4,69.9,9.95,4.7,7,55.6
4601,2.8,51.0,5.78,1.7,5,41.5
4602,8.1,88.6,6.27,0.9,3,79.9
4603,9.2,58.5,5.45,3.8,7,73.1
4604,4.3,52.2,6.36,4.7,6,45.0
4605,7.8,82.7,8.84,6.5,3,78.9
4606,9.1,88.7,9.26,2.7,5,97.5
4607,8.6,90.7,8.89,5.9,4,80.1
4608,2.6,74.7,8.16,2.8,7,52.4
4609,9.6,60.3,7.57,4.6,4,75.0
4610,4.4,86.9,8.54,4.1,7,60.0
4611,4.1,85.0,6.95,0.8,5,66.9
4612,1.6,62.3,9.21,1.0,5,53.0
4613,5.4,95.2,8.39,0.6,5,77.8
4614,2.0,55.2,8.49,2.7,5,43.8
4615,3.2,99.1,7.68,5.0,3,55.5
4616,3.9,93.0,9.43,1.5,3,73.2
4617,8.3,84.4,6.26,4.1,7,76.7
4618,8.9,96.9,6.91,2.2,3,87.2
4619,3.7,86.1,8.89,5.3,7,61.7
4620,8.7,59.5,7.46,5.3,3,74.0
4621,8.7,72.1,9.45,5.2,3,80.2
4622,7.9,53.6,6.73,3.6,3,67.1
4623,2.3,69.5,6.85,2.2,6,51.1
4624,7.2,87.1,9.44,5.4,5,81.9
4625,9.5,69.3,7.32,1.6,6,85.1
4626,7.1,66.5,7.58,2.2,3,78.8
4627,4.0,79.8,6.66,1.6,3,60.2
4628,5.5,93.6,6.38,4.5,6,68.1
4629,6.8,52.4,8.28,4.6,7,62.2
4630,5.6,69.3,5.6,4.4,5,56.3
4631,2.1,57.9,9.4,3.0,7,47.3
4632,3.8,84.8,8.9,1.1,5,64.0
4633,8.2,55.3,5.95,6.0,4,63.3
4634,8.8,83.2,8.47,3.5,5,86.4
4635,2.2,64.3,8.01,2.9,7,51.7
4636,9.6,59.9,5.92,4.0,5,74.0
4637,4.0,96.8,6.37,1.7,4,65.6
4638,7.0,50.9,7.04,1.3,4,67.6
4639,7.8,71.9,8.5,2.9,3,77.4
4640,8.3,51.1,8.19,1.9,4,80.0
4641,9.5,74.2,7.66,2.0,6,86.9
4642,3.8,75.1,8.84,5.9,7,54.9
4643,8.7,66.1,8.79,3.7,6,78.7
4644,2.2,56.6,8.09,3.4,6,40.4
4645,7.3,68.8,8.93,4.6,7,76.1
4646,7.7,83.6,6.67,6.2,6,70.9
4647,7.1,89.1,9.41,1.2,6,90.8
4648,3.3,76.5,8.07,5.5,6,54.2
4649,8.9,79.5,9.11,4.0,4,83.9
4650,2.5,60.0,7.73,1.4,7,50.9
4651,1.5,64.4,6.09,2.3,7,40.4
4652,7.5,58.1,7.71,3.4,7,74.3
4653,5.3,62.5,6.86,4.6,6,60.3
4654,8.6,61.2,8.49,2.0,4,77.6
4655,4.5,76.0,7.38,3.7,7,63.3
4656,2.5,78.1,9.18,4.6,5,57.2
4657,8.5,97.2,8.39,3.2,7,88.0
4658,5.9,59.8,8.42,5.7,3,61.2
4659,2.7,82.1,6.09,5.7,5,38.7
4660,7.5,90.9,9.92,3.3,7,87.8
4661,5.6,78.0,9.21,6.3,6,63.3
4662,6.4,62.8,8.95,1.0,7,77.3
4663,5.1,63.1,6.65,0.5,4,64.6
4664,8.5,52.0,7.68,2.8,4,75.3
4665,8.5,65.3,5.69,4.1,7,71.5
4666,7.4,87.2,7.69,4.3,6,75.3
4667,1.9,52.4,5.73,3.4,6,32.2
4668,8.5,61.0,7.77,1.2,6,88.1
4669,7.0,85.3,8.24,1.5,7,85.4
4670,7.3,89.1,6.95,5.6,7,73.3
4671,4.3,72.8,7.49,5.7,3,53.8
4672,8.9,84.9,9.38,4.5,4,96.3
4673,7.5,69.4,5.54,4.5,5,71.0
4674,2.0,58.0,8.96,4.1,5,45.2
4675,4.7,69.9,5.85,1.7,4,55.7
4676,9.0,79.0,5.18,3.1,3,78.2
4677,1.4,97.4,5.93,4.7,4,43.5
4678,9.7,53.4,8.83,3.7,3,80.8
4679,7.1,75.4,7.03,0.6,3,82.1
4680,6.7,66.4,9.36,6.2,6,70.7
4681,3.4,75.4,7.62,5.6,4,50.1
4682,3.2,51.2,5.11,2.1,5,41.2
4683,9.5,65.7,8.58,4.2,7,84.6
4684,3.7,91.0,5.55,6.0,7,49.0
4685,8.0,77.7,8.95,1.1,4,86.2
4686,4.5,72.5,5.84,3.5,7,60.9
4687,2.3,64.3,6.73,3.2,3,41.8
4688,1.1,64.9,8.81,3.0,7,38.8
4689,5.9,69.2,9.77,5.5,3,70.5
4690,9.8,91.8,6.86,2.8,3,94.9
4691,4.3,98.4,9.15,0.9,5,77.1
4692,4.2,71.9,5.95,0.9,7,53.8
4693,4.1,69.7,9.04,0.8,5,66.5
4694,5.7,92.3,8.29,3.0,7,73.5
4695,5.0,71.3,5.96,4.8,3,58.7
4696,8.9,77.6,6.51,1.7,7,81.4
4697,5.5,61.5,5.66,4.4,5,54.8
4698,5.6,87.2,6.91,4.6,6,67.5
4699,2.2,76.6,6.02,2.0,5,45.5
4700,9.8,90.5,8.22,4.1,6,90.8
4701,3.2,89.0,9.97,4.6,4,64.7
4702,1.7,60.8,5.06,3.3,5,30.0
4703,7.0,85.8,7.7,2.5,7,82.9
4704,6.4,90.0,7.87,4.2,6,71.2
4705,4.7,67.3,9.57,6.4,7,59.7
4706,4.8,58.6,7.53,3.1,6,53.9
4707,8.1,50.1,7.72,2.9,5,76.8
4708,2.8,72.5,7.36,3.3,5,51.2
4709,8.4,67.6,6.34,1.0,7,79.9
4710,6.8,77.7,5.28,3.8,5,67.2
4711,4.8,59.4,7.04,2.5,7,61.2
4712,5.1,93.0,5.26,1.2,3,63.4
4713,3.3,62.9,7.75,3.3,6,51.2
4714,7.8,61.3,6.54,0.5,7,79.8
4715,5.6,74.0,7.67,2.9,6,66.1
4716,3.9,74.9,5.67,1.1,3,60.9
4717,6.4,60.8,9.66,0.6,6,78.6
4718,10.0,63.6,9.47,5.4,7,85.4
4719,4.9,58.5,5.95,6.0,5,50.0
4720,9.3,85.9,6.72,1.7,6,88.6
4721,4.1,88.5,8.07,3.7,6,66.4
4722,1.5,73.1,5.48,2.2,3,40.0
4723,2.8,85.7,6.77,3.5,4,55.6
4724,4.8,86.8,6.26,3.1,5,63.9
4725,3.0,56.9,9.58,2.1,7,55.6
4726,1.0,98.3,9.26,4.7,3,47.4
4727,9.2,91.1,7.9,1.3,7,95.9
4728,8.6,60.2,7.6,0.8,7,85.5
4729,7.7,59.3,9.65,5.1,6,75.6
4730,2.5,56.3,9.66,4.5,3,42.6
4731,2.1,56.9,9.85,3.5,3,53.5
4732,1.6,87.4,5.63,3.3,5,45.7
4733,7.5,73.5,5.8,3.5,4,71.8
4734,9.4,89.1,8.38,3.1,7,92.4
4735,4.9,87.3,7.71,2.9,5,62.2
4736,2.1,80.2,5.09,3.5,5,44.6
4737,5.6,84.3,5.31,3.7,7,61.2
4738,4.1,50.9,9.44,4.7,6,52.5
4739,4.4,65.6,9.34,4.8,6,65.3
4740,6.6,81.9,6.79,2.8,7,74.1
4741,7.5,50.5,9.46,3.0,3,75.7
4742,2.0,51.6,7.97,2.7,4,41.4
4743,1.3,92.6,9.03,3.7,6,51.0
4744,9.9,84.2,7.14,3.2,4,91.3
4745,3.1,63.3,5.57,5.8,5,33.6
4746,1.5,84.4,7.17,4.7,5,46.6
4747,2.7,89.6,7.29,5.9,7,52.3
4748,1.4,65.3,7.75,4.8,7,44.4
4749,4.5,51.8,5.53,6.3,7,45.0
4750,8.2,96.6,9.96,4.3,6,94.7
4751,4.1,67.3,6.22,6.3,4,45.0
4752,5.0,55.3,5.99,1.4,5,52.4
4753,7.1,74.6,7.63,0.8,4,79.7
4754,5.6,88.4,7.69,4.0,6,70.9
4755,8.8,61.1,7.2,6.4,4,74.2
4756,8.8,63.5,8.86,3.0,4,88.1
4757,1.1,62.1,7.58,1.8,7,39.8
4758,8.0,99.6,8.05,3.6,4,89.4
4759,5.1,59.9,8.62,4.4,4,53.8
4760,9.9,78.8,5.13,2.4,4,84.6
4761,5.3,96.3,7.85,4.8,3,71.4
4762,9.9,57.3,9.42,6.4,5,77.6
4763,7.8,98.5,5.09,5.9,5,73.9
4764,3.2,97.4,7.03,2.2,4,58.7
4765,5.8,94.2,9.63,2.5,7,80.0
4766,9.9,60.7,6.77,2.7,7,85.2
4767,8.7,81.7,7.29,2.9,7,83.1
4768,1.9,88.0,9.91,1.1,5,62.4
4769,7.4,99.3,6.0,5.1,6,75.5
4770,4.1,59.0,5.33,2.7,4,51.2
4771,1.1,88.3,9.3,5.8,5,48.3
4772,4.6,66.9,9.34,6.1,7,63.6
4773,3.1,58.8,7.36,0.6,5,53.0
4774,8.4,71.1,7.57,6.4,5,76.9
4775,4.0,89.7,9.18,4.8,5,66.4
4776,8.4,73.2,8.69,3.6,7,84.8
4777,1.0,76.9,6.33,2.8,6,38.0
4778,3.8,99.8,5.08,3.6,3,60.6
4779,3.2,70.0,7.4,2.4,4,54.8
4780,3.1,80.8,9.29,4.2,4,66.1
4781,1.6,68.3,9.48,1.1,5,55.5
4782,2.7,69.6,9.78,4.2,6,55.3
4783,6.0,84.8,9.4,2.2,7,77.7
4784,3.6,96.9,7.9,0.6,3,69.6
4785,4.8,77.1,7.22,3.8,3,65.4
4786,4.4,88.4,8.87,4.0,5,69.5
4787,8.9,54.5,8.7,3.1,5,81.6
4788,9.1,60.6,7.69,0.9,7,87.5
4789,5.4,75.1,5.44,5.9,7,52.7
4790,4.0,51.0,9.63,4.2,7,54.2
4791,2.0,62.6,7.28,1.2,5,46.3
4792,9.6,75.9,6.82,3.6,6,87.0
4793,1.5,50.7,8.15,3.5,5,43.4
4794,3.7,63.2,8.37,0.9,5,58.4
4795,3.7,75.7,6.05,4.1,3,49.1
4796,3.9,78.7,9.18,5.3,7,59.6
4797,2.5,96.3,6.45,5.0,4,47.7
4798,8.0,82.3,5.93,1.7,7,79.8
4799,2.1,70.7,7.03,5.7,6,45.7
4800,6.7,96.5,8.65,2.6,6,84.3
4801,2.1,89.2,9.83,6.2,7,57.4
4802,1.6,60.0,9.05,0.9,7,47.4
4803,9.2,56.5,9.7,3.4,5,83.7
4804,2.7,83.8,5.7,4.1,4,41.8
4805,8.4,78.0,5.36,2.0,5,77.3
4806,5.9,89.5,7.79,5.1,3,76.1
4807,1.7,86.9,6.45,4.3,3,50.6
4808,9.6,81.3,9.14,0.6,6,99.8
4809,3.2,99.3,8.36,4.2,6,62.7
4810,8.7,76.7,9.85,3.4,4,90.7
4811,2.5,55.7,6.27,1.7,6,41.1
4812,8.7,91.4,7.43,6.5,3,80.9
4813,1.1,62.6,7.51,5.9,4,30.0
4814,5.6,88.9,6.2,2.3,3,61.0
4815,7.9,97.9,7.95,3.7,7,84.3
4816,9.4,84.8,7.22,2.4,7,96.4
4817,9.2,79.8,7.23,5.2,4,86.2
4818,8.4,73.0,6.81,6.1,5,75.6
4819,9.0,68.2,5.08,2.7,6,75.4
4820,2.8,67.7,7.61,5.3,4,51.2
4821,3.6,81.8,6.68,3.5,6,54.0
4822,3.6,87.6,5.01,2.9,3,50.0
4823,4.4,83.9,6.54,6.1,5,52.9
4824,4.5,59.9,6.39,3.6,6,47.6
4825,5.9,74.7,6.97,3.3,7,73.0
4826,2.4,89.6,5.66,4.5,7,48.5
4827,7.2,73.8,7.54,2.1,3,73.9
4828,2.5,76.8,8.46,2.4,4,55.9
4829,3.8,88.6,8.15,6.1,6,57.5
4830,5.5,83.1,9.02,4.6,3,74.6
4831,8.2,70.5,7.26,5.5,7,79.6
4832,7.7,94.8,7.6,2.1,7,88.8
4833,6.8,58.1,9.05,3.8,7,73.2
4834,2.4,99.8,7.14,6.3,5,51.7
4835,5.9,55.9,8.51,2.4,5,67.3
4836,1.8,50.7,7.17,1.5,7,43.0
4837,4.4,94.5,7.09,3.6,4,64.8
4838,4.7,62.2,8.8,2.8,5,62.4
4839,1.4,86.5,5.87,1.5,6,46.2
4840,3.5,90.6,6.69,5.8,5,50.0
4841,9.6,92.9,6.12,6.4,6,80.7
4842,9.6,99.6,6.8,3.9,5,86.5
4843,4.2,64.7,6.15,5.1,7,47.0
4844,1.4,85.5,7.9,5.7,6,44.6
4845,2.6,55.8,8.99,4.7,4,48.1
4846,4.5,70.3,8.93,0.8,5,69.5
4847,9.5,92.4,6.82,1.4,5,94.4
4848,2.3,68.4,9.94,0.9,7,61.3
4849,7.9,79.6,7.97,0.6,6,91.5
4850,2.0,75.2,7.0,2.3,7,53.9
4851,9.8,82.3,9.18,2.9,6,94.3
4852,4.4,98.6,8.65,1.9,5,76.5
4853,8.0,52.8,8.75,0.9,5,79.8
4854,4.1,78.7,5.98,3.7,5,49.6
4855,6.6,93.2,7.34,2.1,5,80.8
4856,2.7,74.1,9.31,5.3,3,51.5
4857,2.3,53.9,7.52,0.5,5,47.2
4858,9.4,78.0,8.42,5.6,5,82.7
4859,9.3,66.6,7.94,6.2,6,75.6
4860,9.0,57.7,9.21,4.8,5,85.8
4861,6.6,92.5,6.42,4.9,5,66.6
4862,8.3,76.1,7.88,6.1,6,75.3
4863,1.6,96.7,5.62,1.8,5,45.2
4864,4.0,90.3,8.45,6.5,5,57.2
4865,3.8,84.6,8.66,5.1,7,56.2
4866,6.7,50.3,5.21,4.9,3,56.0
4867,4.2,71.4,8.38,2.7,6,57.6
4868,2.3,59.9,7.07,3.8,7,47.4
4869,6.4,95.5,5.62,4.4,4,64.8
4870,8.3,58.7,7.1,4.2,4,68.9
4871,4.4,64.3,5.97,4.7,3,51.8
4872,2.2,75.8,7.08,1.0,4,58.6
4873,2.8,63.2,6.92,2.6,3,47.2
4874,3.1,60.5,8.69,3.1,4,55.3
4875,3.7,80.0,8.87,2.1,4,61.8
4876,6.8,54.4,8.04,1.5,7,69.9
4877,6.4,52.9,5.11,1.3,4,60.3
4878,7.3,68.6,9.66,2.7,3,78.2
4879,4.3,86.0,8.43,3.5,5,69.0
4880,8.4,77.7,5.17,0.9,5,81.4
4881,2.8,71.1,9.09,6.2,5,48.6
4882,5.2,78.3,6.0,5.1,3,49.9
4883,8.2,68.3,7.9,4.9,3,73.2
4884,2.6,96.8,7.33,1.5,5,64.8
4885,2.0,52.7,7.1,4.1,4,38.5
4886,9.0,83.7,9.45,3.7,5,94.1
4887,4.1,94.6,7.19,6.4,6,62.6
4888,7.2,90.2,5.38,5.0,3,71.0
4889,1.2,59.2,9.73,4.0,6,48.3
4890,7.2,64.8,9.6,5.6,6,71.3
4891,3.8,85.9,8.42,1.4,3,70.7
4892,1.5,54.2,7.34,0.6,5,43.9
4893,6.5,90.6,5.46,4.6,7,64.6
4894,3.2,85.9,8.95,1.1,6,72.8
4895,4.5,86.5,5.38,1.2,5,62.1
4896,1.7,55.0,5.34,5.0,7,30.0
4897,2.3,85.9,7.69,2.1,6,57.4
4898,3.7,84.0,5.8,4.3,5,49.2
4899,1.8,91.5,5.04,6.0,6,35.8
4900,9.2,52.1,7.12,2.4,5,77.6
4901,1.1,51.2,5.69,1.8,4,30.0
4902,5.4,68.7,5.8,1.1,4,61.4
4903,2.1,57.4,5.38,1.3,3,37.3
4904,3.8,77.9,6.03,0.9,7,61.6
4905,9.3,95.9,8.58,1.0,6,100.0
4906,2.5,69.6,9.04,3.1,6,50.1
4907,9.7,92.2,7.26,2.4,5,99.5
4908,2.9,50.0,7.53,4.7,7,45.0
4909,7.7,58.4,5.16,5.7,6,60.8
4910,5.9,51.5,5.35,5.2,7,46.0
4911,9.0,66.4,6.29,3.7,7,71.5
4912,6.0,95.4,7.72,1.1,4,79.5
4913,5.8,54.8,8.7,4.8,6,61.4
4914,2.8,80.3,8.03,2.7,6,55.9
4915,2.5,72.6,6.96,1.0,3,53.3
4916,9.2,96.9,5.59,5.6,7,78.5
4917,4.0,56.1,8.9,2.5,5,57.9
4918,4.3,60.6,6.82,1.8,4,56.5
4919,7.8,51.5,8.68,5.7,3,76.8
4920,4.0,71.7,7.56,5.9,4,45.6
4921,9.6,63.9,8.69,2.5,5,89.4
4922,7.6,93.5,9.54,2.6,3,89.7
4923,6.4,80.2,9.61,4.0,4,77.0
4924,8.9,80.7,7.68,4.9,5,83.0
4925,1.4,76.6,7.56,0.9,3,56.8
4926,3.3,54.6,6.33,4.1,5,44.7
4927,5.2,72.3,9.68,6.2,3,59.8
4928,3.0,100.0,7.29,2.1,6,63.7
4929,7.7,91.8,5.64,6.0,6,70.5
4930,9.3,94.7,7.16,6.2,4,82.1
4931,4.8,91.2,5.64,2.1,7,64.6
4932,4.1,55.2,7.51,5.0,7,49.2
4933,9.7,61.4,7.81,1.9,5,85.9
4934,5.0,50.2,6.69,4.9,3,50.0
4935,5.4,65.2,5.36,5.3,6,48.5
4936,4.2,55.4,9.72,2.0,7,64.9
4937,9.2,73.6,8.87,4.8,6,84.7
4938,6.1,83.9,9.19,5.4,5,73.2
4939,7.9,93.7,6.83,2.7,5,80.1
4940,8.3,87.5,8.8,1.5,3,87.8
4941,4.1,96.9,7.43,1.1,7,68.5
4942,4.9,52.7,6.01,4.0,5,50.3
4943,8.6,50.6,5.62,6.4,5,61.0
4944,4.3,83.1,6.73,5.4,6,56.1
4945,8.1,64.5,5.69,3.1,4,64.3
4946,9.5,62.7,9.99,3.7,7,94.9
4947,6.6,66.5,5.25,2.2,3,62.0
4948,7.7,63.5,7.21,1.5,3,72.7
4949,8.2,75.6,7.26,3.4,6,82.1
4950,8.6,72.0,6.5,3.3,3,74.0
4951,4.6,75.6,7.86,3.6,5,62.7
4952,1.5,83.6,5.75,6.2,7,33.9
4953,4.6,69.4,8.92,4.1,3,61.5
4954,7.1,62.6,6.66,4.1,7,65.2
4955,5.1,58.3,7.96,1.3,3,62.0
4956,7.7,67.5,8.58,6.5,4,74.1
4957,4.2,87.1,9.45,5.1,4,69.5
4958,6.7,87.8,9.18,5.8,7,73.5
4959,2.7,83.3,8.04,3.0,4,57.0
4960,7.7,61.7,6.94,3.5,4,66.9
4961,5.9,79.4,7.52,3.6,5,69.0
4962,2.8,78.5,8.84,1.7,3,63.1
4963,3.6,74.2,9.39,4.6,4,59.6
4964,7.7,77.5,5.52,5.9,7,64.8
4965,5.3,74.6,6.92,1.5,5,65.9
4966,2.9,78.3,8.88,1.0,4,61.2
4967,9.7,85.8,7.16,4.9,7,85.3
4968,7.4,55.5,6.66,2.1,3,67.5
4969,9.6,87.5,7.06,4.2,4,87.5
4970,4.8,56.8,8.01,4.7,7,52.1
4971,5.3,53.3,10.0,2.4,7,59.3
4972,9.1,98.8,7.46,5.4,6,89.9
4973,5.7,97.8,6.04,3.8,7,68.2
4974,7.4,53.0,5.81,5.7,6,59.3
4975,3.3,72.2,5.21,5.1,3,41.3
4976,5.0,59.3,7.79,5.7,3,53.5
4977,2.1,74.3,7.72,0.6,5,51.6
4978,2.9,91.5,6.03,2.0,6,59.6
4979,1.0,97.5,8.48,1.0,7,56.2
4980,1.4,81.7,8.71,3.2,5,46.6
4981,9.8,67.7,6.3,5.8,5,78.6
4982,3.2,80.2,6.72,3.3,3,57.0
4983,7.0,65.6,9.95,5.6,7,72.8
4984,8.6,95.5,6.87,2.5,6,91.8
4985,6.0,93.5,8.8,2.5,3,80.3
4986,2.4,77.9,7.26,5.9,5,45.0
4987,7.6,66.2,8.97,3.1,4,78.3
4988,6.4,64.7,8.85,5.2,5,69.1
4989,7.6,51.7,8.34,1.9,4,78.0
4990,7.9,90.8,9.27,6.2,3,83.7
4991,9.8,72.5,9.7,3.9,6,92.8
4992,6.2,66.3,7.9,5.1,7,64.6
4993,4.1,73.6,6.19,1.0,4,61.3
4994,6.8,90.9,6.99,3.5,7,73.3
4995,1.6,56.2,8.79,5.9,3,34.9
4996,9.1,92.9,8.25,5.8,3,87.1
4997,2.1,94.9,5.89,0.8,3,52.0
4998,4.0,97.3,5.26,2.3,6,55.9
4999,8.3,69.9,8.41,3.2,4,86.2
5000,6.4,60.9,6.26,1.5,7,56.1
